config_file,hidden_units,num_blocks,num_heads,dropout_rate,learning_rate,seed,val_NDCG@10,val_Recall@10,val_epoch,test_NDCG@10,test_Recall@10,test_epoch,params,all_seeds
sasrec-256-2-2-0.3-0.001.yaml,256,2,2,0.3,0.001,42,0.02298,0.04608,6,0.01133,0.0236,6,"(256, 2, 2, 0.3, 0.001)","[42, 1]"
sasrec-64-1-8-0.2-0.01.yaml,64,1,8,0.2,0.01,42,0.02133,0.04147,5,0.01111,0.02229,5,"(64, 1, 8, 0.2, 0.01)",[42]
128-4-2-0.3-0.0005-1.yaml,128,4,2,0.3,0.0005,1,0.0239,0.04816,13,0.011,0.02312,13,"(128, 4, 2, 0.3, 0.0005)","[42, 1, 256]"
sasrec-256-2-2-0.3-0.0005.yaml,256,2,2,0.3,0.0005,42,0.02413,0.04683,12,0.01098,0.02366,12,"(256, 2, 2, 0.3, 0.0005)","[42, 1, 256]"
sasrec-256-3-2-0.2-0.0005.yaml,256,3,2,0.2,0.0005,42,0.02423,0.04846,11,0.01094,0.02312,11,"(256, 3, 2, 0.2, 0.0005)",[42]
sasrec-256-3-8-0.3-0.001.yaml,256,3,8,0.3,0.001,42,0.02336,0.04787,6,0.01092,0.02401,6,"(256, 3, 8, 0.3, 0.001)",[42]
64-4-2-0.3-0.001-1.yaml,64,4,2,0.3,0.001,1,0.02429,0.04697,12,0.01088,0.02205,12,"(64, 4, 2, 0.3, 0.001)","[42, 1, 256]"
sasrec-64-4-8-0.3-0.001.yaml,64,4,8,0.3,0.001,42,0.02221,0.0443,12,0.01087,0.02235,12,"(64, 4, 8, 0.3, 0.001)",[42]
sasrec-256-1-2-0.2-0.001.yaml,256,1,2,0.2,0.001,42,0.02228,0.04222,7,0.01086,0.02265,7,"(256, 1, 2, 0.2, 0.001)",[42]
128-2-4-0.3-0.0005-1.yaml,128,2,4,0.3,0.0005,1,0.02328,0.04638,21,0.01084,0.02289,21,"(128, 2, 4, 0.3, 0.0005)","[42, 1, 256]"
sasrec-64-2-2-0.3-0.005.yaml,64,2,2,0.3,0.005,42,0.02148,0.04207,9,0.01082,0.02146,9,"(64, 2, 2, 0.3, 0.005)",[42]
sasrec-256-3-8-0.2-0.0005.yaml,256,3,8,0.2,0.0005,42,0.02418,0.04772,9,0.01082,0.02378,9,"(256, 3, 8, 0.2, 0.0005)",[42]
256-2-2-0.2-0.0005-256.yaml,256,2,2,0.2,0.0005,256,0.02381,0.04683,10,0.01079,0.02348,10,"(256, 2, 2, 0.2, 0.0005)","[42, 1, 256]"
sasrec-256-1-2-0.3-0.001.yaml,256,1,2,0.3,0.001,42,0.02226,0.04162,10,0.01078,0.02217,10,"(256, 1, 2, 0.3, 0.001)",[42]
64-4-2-0.2-0.001-256.yaml,64,4,2,0.2,0.001,256,0.02317,0.04697,10,0.01076,0.02193,10,"(64, 4, 2, 0.2, 0.001)","[42, 1, 256]"
64-4-4-0.3-0.001-1.yaml,64,4,4,0.3,0.001,1,0.02339,0.04534,12,0.01075,0.02217,12,"(64, 4, 4, 0.3, 0.001)","[42, 1, 256]"
sasrec-128-2-2-0.1-0.0005.yaml,128,2,2,0.1,0.0005,42,0.02347,0.04623,14,0.01075,0.02205,14,"(128, 2, 2, 0.1, 0.0005)",[42]
sasrec-64-3-4-0.3-0.0005.yaml,64,3,4,0.3,0.0005,42,0.02349,0.04549,30,0.01074,0.02271,30,"(64, 3, 4, 0.3, 0.0005)",[42]
128-4-2-0.2-0.0005-1.yaml,128,4,2,0.2,0.0005,1,0.02349,0.04623,11,0.01074,0.02205,11,"(128, 4, 2, 0.2, 0.0005)","[42, 1, 256]"
sasrec-64-4-2-0.3-0.001.yaml,64,4,2,0.3,0.001,42,0.02357,0.04757,13,0.01073,0.02289,13,"(64, 4, 2, 0.3, 0.001)","[42, 1, 256]"
128-2-4-0.3-0.001-1.yaml,128,2,4,0.3,0.001,1,0.02264,0.04653,8,0.01073,0.02235,8,"(128, 2, 4, 0.3, 0.001)","[42, 1, 256]"
sasrec-64-1-4-0.2-0.005.yaml,64,1,4,0.2,0.005,42,0.02102,0.04252,5,0.01072,0.02217,5,"(64, 1, 4, 0.2, 0.005)",[42]
256-4-4-0.3-0.0005-256.yaml,256,4,4,0.3,0.0005,256,0.02427,0.04742,11,0.01071,0.02259,11,"(256, 4, 4, 0.3, 0.0005)","[1, 256]"
sasrec-128-3-4-0.3-0.0005.yaml,128,3,4,0.3,0.0005,42,0.02363,0.04727,12,0.0107,0.02199,12,"(128, 3, 4, 0.3, 0.0005)",[42]
sasrec-256-3-2-0.3-0.0005.yaml,256,3,2,0.3,0.0005,42,0.02403,0.04906,9,0.0107,0.02312,9,"(256, 3, 2, 0.3, 0.0005)",[42]
128-4-4-0.3-0.0005-1.yaml,128,4,4,0.3,0.0005,1,0.02415,0.04816,12,0.01068,0.02158,12,"(128, 4, 4, 0.3, 0.0005)","[42, 1]"
sasrec-128-1-2-0.3-0.001.yaml,128,1,2,0.3,0.001,42,0.02163,0.04385,13,0.01064,0.02283,13,"(128, 1, 2, 0.3, 0.001)",[42]
sasrec-256-3-8-0.2-0.001.yaml,256,3,8,0.2,0.001,42,0.02341,0.04608,6,0.01064,0.02294,6,"(256, 3, 8, 0.2, 0.001)",[42]
sasrec-64-1-2-0.2-0.01.yaml,64,1,2,0.2,0.01,42,0.02277,0.04326,6,0.01064,0.0214,6,"(64, 1, 2, 0.2, 0.01)",[42]
sasrec-64-3-4-0.2-0.001.yaml,64,3,4,0.2,0.001,42,0.02305,0.04519,13,0.01063,0.02164,13,"(64, 3, 4, 0.2, 0.001)",[42]
sasrec-128-2-2-0.3-0.0005.yaml,128,2,2,0.3,0.0005,42,0.02373,0.04787,16,0.01063,0.02271,16,"(128, 2, 2, 0.3, 0.0005)","[42, 1, 256]"
sasrec-256-2-4-0.1-0.0005.yaml,256,2,4,0.1,0.0005,42,0.02323,0.04504,9,0.01063,0.02259,9,"(256, 2, 4, 0.1, 0.0005)",[42]
sasrec-64-4-4-0.2-0.0005.yaml,64,4,4,0.2,0.0005,42,0.02319,0.04519,18,0.01061,0.02075,18,"(64, 4, 4, 0.2, 0.0005)","[42, 1]"
sasrec-256-2-4-0.1-0.001.yaml,256,2,4,0.1,0.001,42,0.02315,0.04653,5,0.01061,0.02294,5,"(256, 2, 4, 0.1, 0.001)",[42]
sasrec-256-2-2-0.1-0.0005.yaml,256,2,2,0.1,0.0005,42,0.02384,0.04445,11,0.01061,0.02187,11,"(256, 2, 2, 0.1, 0.0005)",[42]
sasrec-128-2-8-0.2-0.001.yaml,128,2,8,0.2,0.001,42,0.02286,0.04668,7,0.0106,0.02199,7,"(128, 2, 8, 0.2, 0.001)",[42]
128-2-2-0.2-0.0005-1.yaml,128,2,2,0.2,0.0005,1,0.02381,0.04742,11,0.01059,0.02176,11,"(128, 2, 2, 0.2, 0.0005)","[42, 1, 256]"
sasrec-64-4-2-0.1-0.0005.yaml,64,4,2,0.1,0.0005,42,0.02363,0.04623,18,0.01059,0.02158,18,"(64, 4, 2, 0.1, 0.0005)",[42]
256-4-2-0.3-0.0005-256.yaml,256,4,2,0.3,0.0005,256,0.02387,0.04757,9,0.01059,0.02253,9,"(256, 4, 2, 0.3, 0.0005)","[42, 1, 256]"
sasrec-256-2-4-0.2-0.0005.yaml,256,2,4,0.2,0.0005,42,0.02385,0.04683,10,0.01058,0.02223,10,"(256, 2, 4, 0.2, 0.0005)","[42, 1, 256]"
128-2-4-0.3-0.0005-256.yaml,128,2,4,0.3,0.0005,256,0.0239,0.04772,17,0.01058,0.02247,17,"(128, 2, 4, 0.3, 0.0005)","[42, 1, 256]"
sasrec-256-2-2-0.2-0.0005.yaml,256,2,2,0.2,0.0005,42,0.02354,0.04727,9,0.01058,0.02265,9,"(256, 2, 2, 0.2, 0.0005)","[42, 1, 256]"
256-2-2-0.3-0.0005-256.yaml,256,2,2,0.3,0.0005,256,0.02351,0.04757,10,0.01057,0.02265,10,"(256, 2, 2, 0.3, 0.0005)","[42, 1, 256]"
sasrec-256-3-4-0.2-0.001.yaml,256,3,4,0.2,0.001,42,0.02377,0.04831,5,0.01055,0.02235,5,"(256, 3, 4, 0.2, 0.001)",[42]
sasrec-128-2-8-0.3-0.0005.yaml,128,2,8,0.3,0.0005,42,0.02233,0.0446,17,0.01055,0.02247,17,"(128, 2, 8, 0.3, 0.0005)",[42]
sasrec-64-4-8-0.1-0.001.yaml,64,4,8,0.1,0.001,42,0.02267,0.044,9,0.01053,0.02134,9,"(64, 4, 8, 0.1, 0.001)",[42]
64-2-4-0.2-0.001-1.yaml,64,2,4,0.2,0.001,1,0.02244,0.0446,12,0.01053,0.02176,12,"(64, 2, 4, 0.2, 0.001)","[42, 1, 256]"
64-2-2-0.3-0.0005-1.yaml,64,2,2,0.3,0.0005,1,0.0226,0.04549,28,0.01052,0.02241,28,"(64, 2, 2, 0.3, 0.0005)","[42, 1]"
sasrec-64-3-4-0.3-0.001.yaml,64,3,4,0.3,0.001,42,0.02242,0.0446,14,0.01051,0.02176,14,"(64, 3, 4, 0.3, 0.001)",[42]
sasrec-64-3-2-0.3-0.0005.yaml,64,3,2,0.3,0.0005,42,0.02375,0.04623,20,0.0105,0.02086,20,"(64, 3, 2, 0.3, 0.0005)",[42]
128-4-4-0.2-0.0005-1.yaml,128,4,4,0.2,0.0005,1,0.02398,0.04712,10,0.0105,0.0211,10,"(128, 4, 4, 0.2, 0.0005)","[42, 1, 256]"
sasrec-256-1-8-0.3-0.001.yaml,256,1,8,0.3,0.001,42,0.02214,0.04341,7,0.01047,0.02223,7,"(256, 1, 8, 0.3, 0.001)",[42]
sasrec-64-4-4-0.3-0.001.yaml,64,4,4,0.3,0.001,42,0.02274,0.04519,13,0.01047,0.02134,13,"(64, 4, 4, 0.3, 0.001)","[42, 1, 256]"
64-4-4-0.3-0.0005-1.yaml,64,4,4,0.3,0.0005,1,0.02398,0.04608,18,0.01047,0.02003,18,"(64, 4, 4, 0.3, 0.0005)","[42, 1, 256]"
256-2-2-0.2-0.0005-1.yaml,256,2,2,0.2,0.0005,1,0.02395,0.04623,11,0.01046,0.02229,11,"(256, 2, 2, 0.2, 0.0005)","[42, 1, 256]"
64-2-4-0.2-0.0005-1.yaml,64,2,4,0.2,0.0005,1,0.02248,0.0446,25,0.01046,0.02211,25,"(64, 2, 4, 0.2, 0.0005)","[42, 1, 256]"
sasrec-256-1-4-0.3-0.001.yaml,256,1,4,0.3,0.001,42,0.02244,0.04504,7,0.01046,0.02176,7,"(256, 1, 4, 0.3, 0.001)",[42]
sasrec-128-2-2-0.2-0.0005.yaml,128,2,2,0.2,0.0005,42,0.0238,0.04668,14,0.01046,0.02176,14,"(128, 2, 2, 0.2, 0.0005)","[42, 1, 256]"
sasrec-64-3-2-0.2-0.0005.yaml,64,3,2,0.2,0.0005,42,0.02314,0.04445,18,0.01046,0.02033,18,"(64, 3, 2, 0.2, 0.0005)",[42]
sasrec-64-1-4-0.2-0.01.yaml,64,1,4,0.2,0.01,42,0.0219,0.044,6,0.01046,0.02205,6,"(64, 1, 4, 0.2, 0.01)",[42]
sasrec-128-1-8-0.3-0.0005.yaml,128,1,8,0.3,0.0005,42,0.02257,0.04608,17,0.01046,0.02235,17,"(128, 1, 8, 0.3, 0.0005)",[42]
64-2-2-0.2-0.001-1.yaml,64,2,2,0.2,0.001,1,0.0227,0.04549,11,0.01045,0.0217,11,"(64, 2, 2, 0.2, 0.001)","[42, 1, 256]"
sasrec-256-1-2-0.3-0.0005.yaml,256,1,2,0.3,0.0005,42,0.02327,0.04772,9,0.01044,0.02176,9,"(256, 1, 2, 0.3, 0.0005)",[42]
sasrec-256-4-8-0.3-0.0001.yaml,256,4,8,0.3,0.0001,42,0.02466,0.04802,41,0.01043,0.02193,41,"(256, 4, 8, 0.3, 0.0001)",[42]
sasrec-128-2-4-0.2-0.001.yaml,128,2,4,0.2,0.001,42,0.02359,0.04861,7,0.01043,0.02217,7,"(128, 2, 4, 0.2, 0.001)","[42, 1, 256]"
sasrec-128-1-2-0.1-0.001.yaml,128,1,2,0.1,0.001,42,0.0231,0.04712,6,0.01043,0.02182,6,"(128, 1, 2, 0.1, 0.001)",[42]
64-4-2-0.2-0.0005-256.yaml,64,4,2,0.2,0.0005,256,0.02281,0.04385,19,0.01043,0.02069,19,"(64, 4, 2, 0.2, 0.0005)","[42, 1, 256]"
sasrec-128-4-2-0.3-0.0005.yaml,128,4,2,0.3,0.0005,42,0.02462,0.04906,12,0.01043,0.02134,12,"(128, 4, 2, 0.3, 0.0005)","[42, 1, 256]"
sasrec-256-1-2-0.2-0.005.yaml,256,1,2,0.2,0.005,42,0.02394,0.04162,10,0.01042,0.02039,10,"(256, 1, 2, 0.2, 0.005)",[42]
64-4-4-0.3-0.001-256.yaml,64,4,4,0.3,0.001,256,0.02373,0.04772,10,0.01042,0.02069,10,"(64, 4, 4, 0.3, 0.001)","[42, 1, 256]"
128-2-2-0.3-0.001-256.yaml,128,2,2,0.3,0.001,256,0.02331,0.04861,9,0.01042,0.02187,9,"(128, 2, 2, 0.3, 0.001)","[42, 1, 256]"
64-2-2-0.3-0.001-1.yaml,64,2,2,0.3,0.001,1,0.02292,0.04712,11,0.01042,0.0214,11,"(64, 2, 2, 0.3, 0.001)","[42, 1, 256]"
256-2-4-0.2-0.0005-1.yaml,256,2,4,0.2,0.0005,1,0.02414,0.04906,8,0.01042,0.02229,8,"(256, 2, 4, 0.2, 0.0005)","[42, 1, 256]"
128-4-4-0.2-0.0005-256.yaml,128,4,4,0.2,0.0005,256,0.02335,0.04593,11,0.01042,0.02104,11,"(128, 4, 4, 0.2, 0.0005)","[42, 1, 256]"
sasrec-256-3-8-0.1-0.0005.yaml,256,3,8,0.1,0.0005,42,0.02415,0.04816,7,0.01041,0.02223,7,"(256, 3, 8, 0.1, 0.0005)",[42]
sasrec-64-3-8-0.2-0.0005.yaml,64,3,8,0.2,0.0005,42,0.02206,0.0437,19,0.01041,0.0208,19,"(64, 3, 8, 0.2, 0.0005)",[42]
64-4-4-0.3-0.0005-256.yaml,64,4,4,0.3,0.0005,256,0.02367,0.04564,25,0.01041,0.02098,25,"(64, 4, 4, 0.3, 0.0005)","[42, 1, 256]"
sasrec-128-1-8-0.2-0.0005.yaml,128,1,8,0.2,0.0005,42,0.02208,0.04519,12,0.0104,0.02229,12,"(128, 1, 8, 0.2, 0.0005)",[42]
64-4-2-0.3-0.001-256.yaml,64,4,2,0.3,0.001,256,0.02362,0.04697,10,0.0104,0.02021,10,"(64, 4, 2, 0.3, 0.001)","[42, 1, 256]"
256-2-4-0.3-0.0005-256.yaml,256,2,4,0.3,0.0005,256,0.02407,0.05025,8,0.01037,0.02217,8,"(256, 2, 4, 0.3, 0.0005)","[1, 256]"
sasrec-64-3-8-0.3-0.0005.yaml,64,3,8,0.3,0.0005,42,0.02268,0.0446,24,0.01037,0.02086,24,"(64, 3, 8, 0.3, 0.0005)",[42]
sasrec-256-3-8-0.3-0.0001.yaml,256,3,8,0.3,0.0001,42,0.02355,0.04742,47,0.01037,0.02223,47,"(256, 3, 8, 0.3, 0.0001)",[42]
256-4-2-0.2-0.0005-1.yaml,256,4,2,0.2,0.0005,1,0.0233,0.04638,8,0.01037,0.02235,8,"(256, 4, 2, 0.2, 0.0005)",[1]
128-2-2-0.3-0.0005-1.yaml,128,2,2,0.3,0.0005,1,0.02363,0.04816,13,0.01037,0.0217,13,"(128, 2, 2, 0.3, 0.0005)","[42, 1, 256]"
128-2-2-0.2-0.001-1.yaml,128,2,2,0.2,0.001,1,0.02298,0.04415,11,0.01037,0.02217,11,"(128, 2, 2, 0.2, 0.001)","[42, 1, 256]"
sasrec-128-2-4-0.3-0.0005.yaml,128,2,4,0.3,0.0005,42,0.02337,0.04876,11,0.01036,0.02116,11,"(128, 2, 4, 0.3, 0.0005)","[42, 1, 256]"
sasrec-128-2-8-0.1-0.0005.yaml,128,2,8,0.1,0.0005,42,0.02295,0.04623,11,0.01036,0.0214,11,"(128, 2, 8, 0.1, 0.0005)",[42]
64-4-2-0.3-0.0005-256.yaml,64,4,2,0.3,0.0005,256,0.02349,0.04475,19,0.01036,0.02092,19,"(64, 4, 2, 0.3, 0.0005)","[42, 1, 256]"
sasrec-64-1-8-0.3-0.01.yaml,64,1,8,0.3,0.01,42,0.02114,0.04177,8,0.01035,0.02063,8,"(64, 1, 8, 0.3, 0.01)",[42]
128-2-4-0.2-0.001-256.yaml,128,2,4,0.2,0.001,256,0.02294,0.04727,6,0.01035,0.02205,6,"(128, 2, 4, 0.2, 0.001)","[42, 1, 256]"
256-2-4-0.2-0.0005-256.yaml,256,2,4,0.2,0.0005,256,0.02338,0.04727,9,0.01035,0.02217,9,"(256, 2, 4, 0.2, 0.0005)","[42, 1, 256]"
sasrec-128-3-4-0.2-0.0005.yaml,128,3,4,0.2,0.0005,42,0.0238,0.04742,10,0.01032,0.02128,10,"(128, 3, 4, 0.2, 0.0005)",[42]
64-4-4-0.2-0.0005-1.yaml,64,4,4,0.2,0.0005,1,0.02298,0.04445,19,0.01032,0.0211,19,"(64, 4, 4, 0.2, 0.0005)","[42, 1]"
sasrec-64-4-2-0.2-0.0005.yaml,64,4,2,0.2,0.0005,42,0.02361,0.04564,18,0.01031,0.02063,18,"(64, 4, 2, 0.2, 0.0005)","[42, 1, 256]"
sasrec-256-2-4-0.2-0.001.yaml,256,2,4,0.2,0.001,42,0.02316,0.04668,4,0.01031,0.02164,4,"(256, 2, 4, 0.2, 0.001)","[42, 1, 256]"
sasrec-128-2-8-0.3-0.0001.yaml,128,2,8,0.3,0.0001,42,0.02298,0.04549,75,0.0103,0.02146,75,"(128, 2, 8, 0.3, 0.0001)",[42]
sasrec-64-2-8-0.2-0.005.yaml,64,2,8,0.2,0.005,42,0.02182,0.04043,9,0.0103,0.02033,9,"(64, 2, 8, 0.2, 0.005)",[42]
128-4-2-0.3-0.001-1.yaml,128,4,2,0.3,0.001,1,0.02283,0.04653,8,0.0103,0.0217,8,"(128, 4, 2, 0.3, 0.001)","[42, 1, 256]"
256-4-2-0.3-0.0005-1.yaml,256,4,2,0.3,0.0005,1,0.02409,0.04891,8,0.01029,0.02176,8,"(256, 4, 2, 0.3, 0.0005)","[42, 1, 256]"
sasrec-256-1-2-0.2-0.0005.yaml,256,1,2,0.2,0.0005,42,0.02317,0.04712,10,0.01029,0.02193,10,"(256, 1, 2, 0.2, 0.0005)",[42]
sasrec-64-3-2-0.1-0.001.yaml,64,3,2,0.1,0.001,42,0.02234,0.04445,8,0.01029,0.02092,8,"(64, 3, 2, 0.1, 0.001)",[42]
sasrec-128-2-2-0.3-0.0001.yaml,128,2,2,0.3,0.0001,42,0.02356,0.04742,74,0.01028,0.0217,74,"(128, 2, 2, 0.3, 0.0001)",[42]
sasrec-128-4-8-0.2-0.0005.yaml,128,4,8,0.2,0.0005,42,0.02413,0.04772,12,0.01028,0.0214,12,"(128, 4, 8, 0.2, 0.0005)",[42]
sasrec-128-3-2-0.3-0.001.yaml,128,3,2,0.3,0.001,42,0.02381,0.04727,10,0.01027,0.02182,10,"(128, 3, 2, 0.3, 0.001)",[42]
sasrec-128-2-2-0.3-0.001.yaml,128,2,2,0.3,0.001,42,0.02335,0.04831,7,0.01026,0.02158,7,"(128, 2, 2, 0.3, 0.001)","[42, 1, 256]"
sasrec-64-3-4-0.1-0.0005.yaml,64,3,4,0.1,0.0005,42,0.02247,0.04356,18,0.01026,0.02098,18,"(64, 3, 4, 0.1, 0.0005)",[42]
sasrec-128-2-4-0.3-0.0001.yaml,128,2,4,0.3,0.0001,42,0.023,0.04579,74,0.01026,0.02152,74,"(128, 2, 4, 0.3, 0.0001)",[42]
sasrec-256-3-4-0.1-0.0005.yaml,256,3,4,0.1,0.0005,42,0.0241,0.04504,11,0.01026,0.02098,11,"(256, 3, 4, 0.1, 0.0005)",[42]
64-2-4-0.3-0.001-1.yaml,64,2,4,0.3,0.001,1,0.02309,0.04683,10,0.01026,0.02069,10,"(64, 2, 4, 0.3, 0.001)","[42, 1]"
sasrec-256-3-8-0.1-0.001.yaml,256,3,8,0.1,0.001,42,0.02329,0.04668,4,0.01026,0.02182,4,"(256, 3, 8, 0.1, 0.001)",[42]
sasrec-256-3-8-0.3-0.0005.yaml,256,3,8,0.3,0.0005,42,0.02413,0.04965,9,0.01026,0.02229,9,"(256, 3, 8, 0.3, 0.0005)",[42]
sasrec-256-4-8-0.3-0.0005.yaml,256,4,8,0.3,0.0005,42,0.02411,0.04683,10,0.01025,0.0217,10,"(256, 4, 8, 0.3, 0.0005)",[42]
sasrec-64-4-2-0.3-0.0005.yaml,64,4,2,0.3,0.0005,42,0.02436,0.04742,19,0.01025,0.02045,19,"(64, 4, 2, 0.3, 0.0005)","[42, 1, 256]"
sasrec-256-1-4-0.3-0.0001.yaml,256,1,4,0.3,0.0001,42,0.02302,0.04623,57,0.01024,0.02182,57,"(256, 1, 4, 0.3, 0.0001)",[42]
sasrec-256-3-2-0.2-0.001.yaml,256,3,2,0.2,0.001,42,0.02318,0.04489,6,0.01023,0.02187,6,"(256, 3, 2, 0.2, 0.001)",[42]
128-2-4-0.2-0.0005-1.yaml,128,2,4,0.2,0.0005,1,0.02323,0.04593,11,0.01023,0.02092,11,"(128, 2, 4, 0.2, 0.0005)","[42, 1]"
sasrec-128-3-2-0.2-0.0005.yaml,128,3,2,0.2,0.0005,42,0.02381,0.04697,10,0.01023,0.02092,10,"(128, 3, 2, 0.2, 0.0005)",[42]
sasrec-128-1-2-0.2-0.001.yaml,128,1,2,0.2,0.001,42,0.02203,0.04445,6,0.01023,0.02152,6,"(128, 1, 2, 0.2, 0.001)",[42]
128-4-4-0.3-0.001-1.yaml,128,4,4,0.3,0.001,1,0.02381,0.04638,9,0.01023,0.02176,9,"(128, 4, 4, 0.3, 0.001)","[42, 1, 256]"
64-4-2-0.2-0.001-1.yaml,64,4,2,0.2,0.001,1,0.02381,0.04445,12,0.01023,0.02122,12,"(64, 4, 2, 0.2, 0.001)","[42, 1, 256]"
sasrec-256-1-8-0.2-0.001.yaml,256,1,8,0.2,0.001,42,0.02247,0.04638,6,0.01023,0.02152,6,"(256, 1, 8, 0.2, 0.001)",[42]
sasrec-256-2-2-0.3-0.0001.yaml,256,2,2,0.3,0.0001,42,0.02426,0.04891,51,0.01022,0.02158,51,"(256, 2, 2, 0.3, 0.0001)",[42]
sasrec-64-4-8-0.3-0.0001.yaml,64,4,8,0.3,0.0001,42,0.02355,0.04504,105,0.01022,0.02045,105,"(64, 4, 8, 0.3, 0.0001)",[42]
128-4-2-0.3-0.0005-256.yaml,128,4,2,0.3,0.0005,256,0.02394,0.04727,12,0.01022,0.02051,12,"(128, 4, 2, 0.3, 0.0005)","[42, 1, 256]"
sasrec-128-3-8-0.3-0.001.yaml,128,3,8,0.3,0.001,42,0.02319,0.04623,7,0.0102,0.02128,7,"(128, 3, 8, 0.3, 0.001)",[42]
sasrec-256-2-2-0.2-0.001.yaml,256,2,2,0.2,0.001,42,0.0227,0.04326,8,0.01019,0.02146,8,"(256, 2, 2, 0.2, 0.001)","[42, 1, 256]"
256-2-4-0.3-0.0005-1.yaml,256,2,4,0.3,0.0005,1,0.02379,0.04787,8,0.01019,0.02176,8,"(256, 2, 4, 0.3, 0.0005)","[1, 256]"
sasrec-64-1-4-0.3-0.01.yaml,64,1,4,0.3,0.01,42,0.02117,0.04222,6,0.01019,0.02086,6,"(64, 1, 4, 0.3, 0.01)",[42]
sasrec-128-2-4-0.2-0.0005.yaml,128,2,4,0.2,0.0005,42,0.02276,0.04593,11,0.01018,0.0211,11,"(128, 2, 4, 0.2, 0.0005)","[42, 1]"
sasrec-64-3-4-0.2-0.0005.yaml,64,3,4,0.2,0.0005,42,0.023,0.044,26,0.01018,0.02122,26,"(64, 3, 4, 0.2, 0.0005)",[42]
sasrec-256-3-4-0.2-0.0005.yaml,256,3,4,0.2,0.0005,42,0.02422,0.04891,7,0.01017,0.02164,7,"(256, 3, 4, 0.2, 0.0005)",[42]
sasrec-128-1-2-0.3-0.0001.yaml,128,1,2,0.3,0.0001,42,0.02251,0.04489,68,0.01017,0.02128,68,"(128, 1, 2, 0.3, 0.0001)",[42]
sasrec-256-1-2-0.2-0.0001.yaml,256,1,2,0.2,0.0001,42,0.02352,0.04266,68,0.01017,0.02098,68,"(256, 1, 2, 0.2, 0.0001)",[42]
sasrec-128-3-4-0.2-0.0001.yaml,128,3,4,0.2,0.0001,42,0.02219,0.04356,59,0.01017,0.02128,59,"(128, 3, 4, 0.2, 0.0001)",[42]
sasrec-128-2-2-0.2-0.001.yaml,128,2,2,0.2,0.001,42,0.02347,0.04697,7,0.01017,0.02152,7,"(128, 2, 2, 0.2, 0.001)","[42, 1, 256]"
sasrec-128-1-2-0.1-0.0005.yaml,128,1,2,0.1,0.0005,42,0.02252,0.044,11,0.01017,0.0211,11,"(128, 1, 2, 0.1, 0.0005)",[42]
sasrec-64-2-2-0.2-0.0005.yaml,64,2,2,0.2,0.0005,42,0.02322,0.04623,18,0.01016,0.02063,18,"(64, 2, 2, 0.2, 0.0005)","[42, 1, 256]"
128-4-2-0.2-0.0005-256.yaml,128,4,2,0.2,0.0005,256,0.02306,0.04579,12,0.01016,0.02075,12,"(128, 4, 2, 0.2, 0.0005)","[42, 1, 256]"
sasrec-64-4-4-0.1-0.0005.yaml,64,4,4,0.1,0.0005,42,0.02288,0.04475,18,0.01015,0.02069,18,"(64, 4, 4, 0.1, 0.0005)",[42]
sasrec-256-2-2-0.1-0.001.yaml,256,2,2,0.1,0.001,42,0.02265,0.04296,7,0.01014,0.02092,7,"(256, 2, 2, 0.1, 0.001)",[42]
sasrec-64-2-2-0.3-0.0005.yaml,64,2,2,0.3,0.0005,42,0.02339,0.04712,21,0.01014,0.02098,21,"(64, 2, 2, 0.3, 0.0005)","[42, 1]"
128-2-2-0.3-0.001-1.yaml,128,2,2,0.3,0.001,1,0.02347,0.04549,11,0.01013,0.02193,11,"(128, 2, 2, 0.3, 0.001)","[42, 1, 256]"
sasrec-128-4-2-0.2-0.001.yaml,128,4,2,0.2,0.001,42,0.02351,0.04712,7,0.01013,0.02116,7,"(128, 4, 2, 0.2, 0.001)","[42, 1]"
64-2-4-0.2-0.001-256.yaml,64,2,4,0.2,0.001,256,0.02208,0.04475,10,0.01013,0.02098,10,"(64, 2, 4, 0.2, 0.001)","[42, 1, 256]"
sasrec-128-1-4-0.3-0.0001.yaml,128,1,4,0.3,0.0001,42,0.02191,0.044,66,0.01013,0.02134,66,"(128, 1, 4, 0.3, 0.0001)",[42]
sasrec-64-4-4-0.3-0.0005.yaml,64,4,4,0.3,0.0005,42,0.02363,0.04608,19,0.01012,0.02009,19,"(64, 4, 4, 0.3, 0.0005)","[42, 1, 256]"
sasrec-128-2-8-0.1-0.001.yaml,128,2,8,0.1,0.001,42,0.023,0.04697,6,0.01012,0.02063,6,"(128, 2, 8, 0.1, 0.001)",[42]
64-2-2-0.2-0.001-256.yaml,64,2,2,0.2,0.001,256,0.02255,0.04415,11,0.01012,0.02182,11,"(64, 2, 2, 0.2, 0.001)","[42, 1, 256]"
sasrec-128-1-4-0.1-0.005.yaml,128,1,4,0.1,0.005,42,0.02043,0.04311,3,0.01011,0.02092,3,"(128, 1, 4, 0.1, 0.005)",[42]
sasrec-64-4-8-0.2-0.001.yaml,64,4,8,0.2,0.001,42,0.02258,0.04296,9,0.01011,0.0195,9,"(64, 4, 8, 0.2, 0.001)",[42]
sasrec-128-2-2-0.2-0.0001.yaml,128,2,2,0.2,0.0001,42,0.02284,0.04445,71,0.01011,0.02134,71,"(128, 2, 2, 0.2, 0.0001)",[42]
128-2-2-0.3-0.0005-256.yaml,128,2,2,0.3,0.0005,256,0.02343,0.04579,21,0.01011,0.02134,21,"(128, 2, 2, 0.3, 0.0005)","[42, 1, 256]"
64-2-4-0.3-0.0005-1.yaml,64,2,4,0.3,0.0005,1,0.02226,0.04475,20,0.01011,0.02033,20,"(64, 2, 4, 0.3, 0.0005)","[42, 1, 256]"
sasrec-128-3-4-0.3-0.001.yaml,128,3,4,0.3,0.001,42,0.02303,0.04534,10,0.01011,0.02187,10,"(128, 3, 4, 0.3, 0.001)",[42]
sasrec-128-3-4-0.3-0.0001.yaml,128,3,4,0.3,0.0001,42,0.02295,0.04445,62,0.01011,0.02104,62,"(128, 3, 4, 0.3, 0.0001)",[42]
sasrec-256-1-2-0.3-0.0001.yaml,256,1,2,0.3,0.0001,42,0.02287,0.04638,45,0.0101,0.02128,45,"(256, 1, 2, 0.3, 0.0001)",[42]
sasrec-64-3-8-0.1-0.0005.yaml,64,3,8,0.1,0.0005,42,0.02264,0.04385,14,0.0101,0.01956,14,"(64, 3, 8, 0.1, 0.0005)",[42]
sasrec-128-3-8-0.2-0.001.yaml,128,3,8,0.2,0.001,42,0.02322,0.04623,6,0.0101,0.02098,6,"(128, 3, 8, 0.2, 0.001)",[42]
sasrec-128-3-2-0.2-0.001.yaml,128,3,2,0.2,0.001,42,0.02309,0.04727,6,0.0101,0.02104,6,"(128, 3, 2, 0.2, 0.001)",[42]
sasrec-128-3-8-0.3-0.0001.yaml,128,3,8,0.3,0.0001,42,0.02308,0.04475,63,0.0101,0.02086,63,"(128, 3, 8, 0.3, 0.0001)",[42]
sasrec-64-4-2-0.1-0.001.yaml,64,4,2,0.1,0.001,42,0.02218,0.04341,9,0.01009,0.02015,9,"(64, 4, 2, 0.1, 0.001)",[42]
64-4-4-0.2-0.001-1.yaml,64,4,4,0.2,0.001,1,0.02273,0.04296,10,0.01009,0.02027,10,"(64, 4, 4, 0.2, 0.001)","[42, 1, 256]"
64-2-2-0.2-0.0005-1.yaml,64,2,2,0.2,0.0005,1,0.02175,0.04296,18,0.01008,0.02051,18,"(64, 2, 2, 0.2, 0.0005)","[42, 1, 256]"
sasrec-128-2-2-0.1-0.001.yaml,128,2,2,0.1,0.001,42,0.02305,0.04757,6,0.01008,0.02057,6,"(128, 2, 2, 0.1, 0.001)",[42]
64-4-4-0.2-0.001-256.yaml,64,4,4,0.2,0.001,256,0.02298,0.04593,10,0.01008,0.02063,10,"(64, 4, 4, 0.2, 0.001)","[42, 1, 256]"
sasrec-256-4-8-0.2-0.0001.yaml,256,4,8,0.2,0.0001,42,0.02431,0.04772,38,0.01008,0.02122,38,"(256, 4, 8, 0.2, 0.0001)",[42]
sasrec-64-3-8-0.2-0.001.yaml,64,3,8,0.2,0.001,42,0.02217,0.0437,11,0.01006,0.02116,11,"(64, 3, 8, 0.2, 0.001)",[42]
sasrec-128-2-8-0.2-0.0005.yaml,128,2,8,0.2,0.0005,42,0.0231,0.04593,10,0.01006,0.02045,10,"(128, 2, 8, 0.2, 0.0005)",[42]
sasrec-128-4-4-0.3-0.0005.yaml,128,4,4,0.3,0.0005,42,0.02509,0.05054,13,0.01006,0.02086,13,"(128, 4, 4, 0.3, 0.0005)","[42, 1]"
sasrec-256-1-2-0.3-0.005.yaml,256,1,2,0.3,0.005,42,0.02383,0.03895,20,0.01006,0.01813,20,"(256, 1, 2, 0.3, 0.005)",[42]
sasrec-64-4-4-0.2-0.001.yaml,64,4,4,0.2,0.001,42,0.02203,0.04266,10,0.01005,0.02086,10,"(64, 4, 4, 0.2, 0.001)","[42, 1, 256]"
128-2-4-0.2-0.001-1.yaml,128,2,4,0.2,0.001,1,0.02262,0.0446,5,0.01005,0.02051,5,"(128, 2, 4, 0.2, 0.001)","[42, 1, 256]"
sasrec-128-1-2-0.2-0.0001.yaml,128,1,2,0.2,0.0001,42,0.02263,0.04519,62,0.01005,0.02092,62,"(128, 1, 2, 0.2, 0.0001)",[42]
sasrec-256-3-8-0.1-0.0001.yaml,256,3,8,0.1,0.0001,42,0.02381,0.04593,38,0.01005,0.0211,38,"(256, 3, 8, 0.1, 0.0001)",[42]
sasrec-256-4-2-0.1-0.0005.yaml,256,4,2,0.1,0.0005,42,0.0238,0.04593,9,0.01003,0.02098,9,"(256, 4, 2, 0.1, 0.0005)",[42]
sasrec-128-2-4-0.2-0.0001.yaml,128,2,4,0.2,0.0001,42,0.0225,0.04385,73,0.01003,0.02092,73,"(128, 2, 4, 0.2, 0.0001)",[42]
sasrec-64-2-4-0.2-0.001.yaml,64,2,4,0.2,0.001,42,0.02356,0.04712,10,0.01003,0.02027,10,"(64, 2, 4, 0.2, 0.001)","[42, 1, 256]"
sasrec-128-2-4-0.1-0.001.yaml,128,2,4,0.1,0.001,42,0.02343,0.04772,6,0.01002,0.0208,6,"(128, 2, 4, 0.1, 0.001)",[42]
sasrec-64-2-4-0.3-0.001.yaml,64,2,4,0.3,0.001,42,0.02349,0.04712,10,0.01002,0.01997,10,"(64, 2, 4, 0.3, 0.001)","[42, 1]"
sasrec-256-4-4-0.1-0.001.yaml,256,4,4,0.1,0.001,42,0.02237,0.04311,6,0.01002,0.02057,6,"(256, 4, 4, 0.1, 0.001)",[42]
sasrec-128-1-2-0.2-0.0005.yaml,128,1,2,0.2,0.0005,42,0.02211,0.04475,11,0.01002,0.02063,11,"(128, 1, 2, 0.2, 0.0005)",[42]
64-4-2-0.3-0.0005-1.yaml,64,4,2,0.3,0.0005,1,0.02411,0.04623,20,0.01002,0.02015,20,"(64, 4, 2, 0.3, 0.0005)","[42, 1, 256]"
sasrec-128-1-2-0.1-0.0001.yaml,128,1,2,0.1,0.0001,42,0.02221,0.04385,60,0.01002,0.02146,60,"(128, 1, 2, 0.1, 0.0001)",[42]
256-4-4-0.2-0.0005-256.yaml,256,4,4,0.2,0.0005,256,0.02333,0.04816,8,0.01001,0.02092,8,"(256, 4, 4, 0.2, 0.0005)","[42, 1, 256]"
sasrec-128-3-4-0.1-0.0005.yaml,128,3,4,0.1,0.0005,42,0.02369,0.04712,10,0.01001,0.02033,10,"(128, 3, 4, 0.1, 0.0005)",[42]
sasrec-128-2-4-0.1-0.0005.yaml,128,2,4,0.1,0.0005,42,0.02203,0.04252,18,0.01,0.02098,18,"(128, 2, 4, 0.1, 0.0005)",[42]
sasrec-64-2-8-0.2-0.001.yaml,64,2,8,0.2,0.001,42,0.02394,0.04683,9,0.01,0.02051,9,"(64, 2, 8, 0.2, 0.001)",[42]
sasrec-64-3-2-0.1-0.0005.yaml,64,3,2,0.1,0.0005,42,0.02201,0.04252,16,0.01,0.01956,16,"(64, 3, 2, 0.1, 0.0005)",[42]
sasrec-128-1-8-0.1-0.005.yaml,128,1,8,0.1,0.005,42,0.02163,0.0443,3,0.00999,0.02152,3,"(128, 1, 8, 0.1, 0.005)",[42]
256-4-4-0.2-0.001-1.yaml,256,4,4,0.2,0.001,1,0.02256,0.04252,7,0.00999,0.02051,7,"(256, 4, 4, 0.2, 0.001)",[1]
sasrec-256-1-8-0.3-0.0005.yaml,256,1,8,0.3,0.0005,42,0.02241,0.04623,9,0.00998,0.02057,9,"(256, 1, 8, 0.3, 0.0005)",[42]
sasrec-256-4-2-0.3-0.0001.yaml,256,4,2,0.3,0.0001,42,0.02412,0.04772,40,0.00998,0.02098,40,"(256, 4, 2, 0.3, 0.0001)",[42]
sasrec-128-1-4-0.3-0.001.yaml,128,1,4,0.3,0.001,42,0.02266,0.04712,8,0.00998,0.02104,8,"(128, 1, 4, 0.3, 0.001)",[42]
sasrec-128-1-4-0.2-0.005.yaml,128,1,4,0.2,0.005,42,0.02106,0.04326,4,0.00998,0.02199,4,"(128, 1, 4, 0.2, 0.005)",[42]
sasrec-128-3-2-0.1-0.0001.yaml,128,3,2,0.1,0.0001,42,0.0228,0.04445,60,0.00997,0.02086,60,"(128, 3, 2, 0.1, 0.0001)",[42]
128-4-2-0.3-0.001-256.yaml,128,4,2,0.3,0.001,256,0.02275,0.04519,7,0.00997,0.01968,7,"(128, 4, 2, 0.3, 0.001)","[42, 1, 256]"
sasrec-64-3-4-0.1-0.001.yaml,64,3,4,0.1,0.001,42,0.0227,0.04445,8,0.00997,0.01985,8,"(64, 3, 4, 0.1, 0.001)",[42]
sasrec-128-4-2-0.2-0.0005.yaml,128,4,2,0.2,0.0005,42,0.02349,0.04638,9,0.00997,0.02009,9,"(128, 4, 2, 0.2, 0.0005)","[42, 1, 256]"
128-4-4-0.2-0.001-1.yaml,128,4,4,0.2,0.001,1,0.02299,0.04519,7,0.00996,0.0208,7,"(128, 4, 4, 0.2, 0.001)","[42, 1, 256]"
64-4-2-0.2-0.0005-1.yaml,64,4,2,0.2,0.0005,1,0.02318,0.04341,19,0.00996,0.02033,19,"(64, 4, 2, 0.2, 0.0005)","[42, 1, 256]"
128-2-4-0.3-0.001-256.yaml,128,2,4,0.3,0.001,256,0.0238,0.04876,7,0.00996,0.02134,7,"(128, 2, 4, 0.3, 0.001)","[42, 1, 256]"
sasrec-128-1-8-0.3-0.001.yaml,128,1,8,0.3,0.001,42,0.02154,0.04341,9,0.00996,0.02134,9,"(128, 1, 8, 0.3, 0.001)",[42]
sasrec-256-3-8-0.2-0.0001.yaml,256,3,8,0.2,0.0001,42,0.02345,0.04757,38,0.00996,0.02075,38,"(256, 3, 8, 0.2, 0.0001)",[42]
sasrec-128-1-2-0.3-0.0005.yaml,128,1,2,0.3,0.0005,42,0.02258,0.04608,11,0.00996,0.02045,11,"(128, 1, 2, 0.3, 0.0005)",[42]
sasrec-64-3-2-0.2-0.001.yaml,64,3,2,0.2,0.001,42,0.02276,0.04445,8,0.00996,0.01973,8,"(64, 3, 2, 0.2, 0.001)",[42]
sasrec-128-1-4-0.2-0.0005.yaml,128,1,4,0.2,0.0005,42,0.02202,0.04489,11,0.00995,0.02075,11,"(128, 1, 4, 0.2, 0.0005)",[42]
sasrec-128-1-2-0.3-0.005.yaml,128,1,2,0.3,0.005,42,0.02225,0.04475,5,0.00995,0.02122,5,"(128, 1, 2, 0.3, 0.005)",[42]
256-2-4-0.3-0.001-1.yaml,256,2,4,0.3,0.001,1,0.02268,0.04519,5,0.00995,0.0214,5,"(256, 2, 4, 0.3, 0.001)","[1, 256]"
sasrec-256-3-4-0.1-0.001.yaml,256,3,4,0.1,0.001,42,0.02356,0.04727,4,0.00995,0.02098,4,"(256, 3, 4, 0.1, 0.001)",[42]
sasrec-256-4-2-0.2-0.0001.yaml,256,4,2,0.2,0.0001,42,0.02459,0.04683,41,0.00995,0.02057,41,"(256, 4, 2, 0.2, 0.0001)",[42]
128-2-2-0.2-0.0005-256.yaml,128,2,2,0.2,0.0005,256,0.02281,0.04608,11,0.00994,0.02027,11,"(128, 2, 2, 0.2, 0.0005)","[42, 1, 256]"
256-4-2-0.2-0.001-1.yaml,256,4,2,0.2,0.001,1,0.0228,0.0443,7,0.00994,0.02069,7,"(256, 4, 2, 0.2, 0.001)","[42, 1, 256]"
sasrec-128-3-2-0.1-0.001.yaml,128,3,2,0.1,0.001,42,0.02357,0.04608,7,0.00993,0.0211,7,"(128, 3, 2, 0.1, 0.001)",[42]
sasrec-64-3-2-0.3-0.0001.yaml,64,3,2,0.3,0.0001,42,0.02385,0.04519,107,0.00993,0.01956,107,"(64, 3, 2, 0.3, 0.0001)",[42]
sasrec-64-3-2-0.2-0.0001.yaml,64,3,2,0.2,0.0001,42,0.02293,0.04356,94,0.00992,0.01973,94,"(64, 3, 2, 0.2, 0.0001)",[42]
sasrec-64-2-8-0.1-0.001.yaml,64,2,8,0.1,0.001,42,0.02332,0.04549,8,0.00992,0.01956,8,"(64, 2, 8, 0.1, 0.001)",[42]
sasrec-64-4-4-0.1-0.001.yaml,64,4,4,0.1,0.001,42,0.02238,0.04489,9,0.00991,0.01962,9,"(64, 4, 4, 0.1, 0.001)",[42]
sasrec-64-1-8-0.3-0.005.yaml,64,1,8,0.3,0.005,42,0.02133,0.03895,14,0.00991,0.01944,14,"(64, 1, 8, 0.3, 0.005)",[42]
256-2-4-0.2-0.001-256.yaml,256,2,4,0.2,0.001,256,0.0237,0.04742,4,0.0099,0.02086,4,"(256, 2, 4, 0.2, 0.001)","[42, 1, 256]"
sasrec-256-3-4-0.2-0.0001.yaml,256,3,4,0.2,0.0001,42,0.02397,0.04831,40,0.0099,0.0208,40,"(256, 3, 4, 0.2, 0.0001)",[42]
sasrec-256-1-4-0.2-0.0001.yaml,256,1,4,0.2,0.0001,42,0.0231,0.044,61,0.0099,0.02069,61,"(256, 1, 4, 0.2, 0.0001)",[42]
sasrec-128-3-2-0.3-0.0001.yaml,128,3,2,0.3,0.0001,42,0.02322,0.04504,58,0.0099,0.02033,58,"(128, 3, 2, 0.3, 0.0001)",[42]
sasrec-64-1-4-0.3-0.005.yaml,64,1,4,0.3,0.005,42,0.02209,0.04252,11,0.0099,0.02069,11,"(64, 1, 4, 0.3, 0.005)",[42]
sasrec-128-1-4-0.3-0.005.yaml,128,1,4,0.3,0.005,42,0.02228,0.03939,10,0.00988,0.01926,10,"(128, 1, 4, 0.3, 0.005)",[42]
sasrec-128-1-8-0.1-0.0005.yaml,128,1,8,0.1,0.0005,42,0.02148,0.04237,10,0.00988,0.02039,10,"(128, 1, 8, 0.1, 0.0005)",[42]
sasrec-64-1-2-0.2-0.005.yaml,64,1,2,0.2,0.005,42,0.02103,0.04177,5,0.00988,0.02039,5,"(64, 1, 2, 0.2, 0.005)",[42]
128-4-4-0.2-0.001-256.yaml,128,4,4,0.2,0.001,256,0.02372,0.04802,6,0.00988,0.01968,6,"(128, 4, 4, 0.2, 0.001)","[42, 1, 256]"
sasrec-64-3-8-0.3-0.0001.yaml,64,3,8,0.3,0.0001,42,0.02353,0.04534,102,0.00988,0.01968,102,"(64, 3, 8, 0.3, 0.0001)",[42]
sasrec-128-2-8-0.3-0.001.yaml,128,2,8,0.3,0.001,42,0.02372,0.04861,6,0.00988,0.01997,6,"(128, 2, 8, 0.3, 0.001)",[42]
sasrec-128-3-8-0.2-0.0005.yaml,128,3,8,0.2,0.0005,42,0.0239,0.04697,10,0.00987,0.02027,10,"(128, 3, 8, 0.2, 0.0005)",[42]
sasrec-128-2-4-0.3-0.001.yaml,128,2,4,0.3,0.001,42,0.0237,0.04906,7,0.00987,0.02086,7,"(128, 2, 4, 0.3, 0.001)","[42, 1, 256]"
256-4-2-0.3-0.001-256.yaml,256,4,2,0.3,0.001,256,0.02309,0.04727,5,0.00987,0.02075,5,"(256, 4, 2, 0.3, 0.001)","[42, 1, 256]"
sasrec-128-1-8-0.3-0.0001.yaml,128,1,8,0.3,0.0001,42,0.02179,0.04385,71,0.00986,0.02092,71,"(128, 1, 8, 0.3, 0.0001)",[42]
sasrec-256-1-8-0.1-0.001.yaml,256,1,8,0.1,0.001,42,0.02281,0.04668,4,0.00986,0.02039,4,"(256, 1, 8, 0.1, 0.001)",[42]
sasrec-128-4-4-0.2-0.0005.yaml,128,4,4,0.2,0.0005,42,0.02362,0.04757,12,0.00986,0.02015,12,"(128, 4, 4, 0.2, 0.0005)","[42, 1, 256]"
sasrec-256-2-4-0.2-0.0001.yaml,256,2,4,0.2,0.0001,42,0.02303,0.04534,44,0.00986,0.02086,44,"(256, 2, 4, 0.2, 0.0001)",[42]
sasrec-256-4-4-0.2-0.0005.yaml,256,4,4,0.2,0.0005,42,0.0236,0.04564,8,0.00986,0.02092,8,"(256, 4, 4, 0.2, 0.0005)","[42, 1, 256]"
sasrec-64-4-4-0.2-0.0001.yaml,64,4,4,0.2,0.0001,42,0.02293,0.04445,103,0.00985,0.01938,103,"(64, 4, 4, 0.2, 0.0001)",[42]
sasrec-256-4-2-0.2-0.001.yaml,256,4,2,0.2,0.001,42,0.0219,0.04192,9,0.00985,0.02051,9,"(256, 4, 2, 0.2, 0.001)","[42, 1, 256]"
sasrec-256-1-4-0.2-0.001.yaml,256,1,4,0.2,0.001,42,0.02179,0.04504,4,0.00985,0.02057,4,"(256, 1, 4, 0.2, 0.001)",[42]
sasrec-64-2-2-0.1-0.001.yaml,64,2,2,0.1,0.001,42,0.02319,0.04608,9,0.00985,0.02009,9,"(64, 2, 2, 0.1, 0.001)",[42]
sasrec-128-1-4-0.2-0.0001.yaml,128,1,4,0.2,0.0001,42,0.02182,0.044,64,0.00984,0.0208,64,"(128, 1, 4, 0.2, 0.0001)",[42]
256-4-4-0.3-0.0005-1.yaml,256,4,4,0.3,0.0005,1,0.02386,0.04876,8,0.00984,0.02057,8,"(256, 4, 4, 0.3, 0.0005)","[1, 256]"
sasrec-64-3-8-0.2-0.0001.yaml,64,3,8,0.2,0.0001,42,0.02314,0.0446,93,0.00983,0.01932,93,"(64, 3, 8, 0.2, 0.0001)",[42]
sasrec-128-4-4-0.1-0.0005.yaml,128,4,4,0.1,0.0005,42,0.0236,0.04727,9,0.00983,0.01991,9,"(128, 4, 4, 0.1, 0.0005)",[42]
sasrec-256-4-8-0.3-0.001.yaml,256,4,8,0.3,0.001,42,0.02227,0.04489,6,0.00983,0.02086,6,"(256, 4, 8, 0.3, 0.001)",[42]
sasrec-128-4-2-0.3-0.0001.yaml,128,4,2,0.3,0.0001,42,0.02333,0.04519,64,0.00983,0.02033,64,"(128, 4, 2, 0.3, 0.0001)",[42]
128-4-2-0.2-0.001-1.yaml,128,4,2,0.2,0.001,1,0.0231,0.04638,7,0.00982,0.02045,7,"(128, 4, 2, 0.2, 0.001)","[42, 1]"
sasrec-64-1-8-0.1-0.01.yaml,64,1,8,0.1,0.01,42,0.01991,0.04088,4,0.00982,0.02045,4,"(64, 1, 8, 0.1, 0.01)",[42]
sasrec-256-1-4-0.2-0.0005.yaml,256,1,4,0.2,0.0005,42,0.0224,0.04712,7,0.00982,0.02039,7,"(256, 1, 4, 0.2, 0.0005)",[42]
sasrec-256-4-8-0.2-0.001.yaml,256,4,8,0.2,0.001,42,0.02261,0.04504,6,0.00981,0.02027,6,"(256, 4, 8, 0.2, 0.001)",[42]
sasrec-256-1-4-0.3-0.005.yaml,256,1,4,0.3,0.005,42,0.02051,0.04222,7,0.00981,0.02033,7,"(256, 1, 4, 0.3, 0.005)",[42]
sasrec-128-3-2-0.2-0.0001.yaml,128,3,2,0.2,0.0001,42,0.02266,0.0443,56,0.00981,0.02039,56,"(128, 3, 2, 0.2, 0.0001)",[42]
sasrec-64-1-2-0.3-0.001.yaml,64,1,2,0.3,0.001,42,0.02145,0.04356,14,0.0098,0.02134,14,"(64, 1, 2, 0.3, 0.001)",[42]
sasrec-128-4-8-0.1-0.0005.yaml,128,4,8,0.1,0.0005,42,0.0232,0.04579,9,0.0098,0.02015,9,"(128, 4, 8, 0.1, 0.0005)",[42]
256-2-2-0.2-0.001-256.yaml,256,2,2,0.2,0.001,256,0.02415,0.04935,4,0.00979,0.02021,4,"(256, 2, 2, 0.2, 0.001)","[42, 1, 256]"
sasrec-64-3-8-0.3-0.001.yaml,64,3,8,0.3,0.001,42,0.02326,0.04519,9,0.00979,0.0195,9,"(64, 3, 8, 0.3, 0.001)",[42]
sasrec-64-4-8-0.1-0.0005.yaml,64,4,8,0.1,0.0005,42,0.02367,0.04623,16,0.00978,0.01968,16,"(64, 4, 8, 0.1, 0.0005)",[42]
sasrec-256-3-4-0.1-0.0001.yaml,256,3,4,0.1,0.0001,42,0.02334,0.04564,35,0.00978,0.02051,35,"(256, 3, 4, 0.1, 0.0001)",[42]
256-4-2-0.2-0.001-256.yaml,256,4,2,0.2,0.001,256,0.02254,0.04534,5,0.00978,0.02015,5,"(256, 4, 2, 0.2, 0.001)","[42, 1, 256]"
256-4-4-0.2-0.0005-1.yaml,256,4,4,0.2,0.0005,1,0.02411,0.04787,8,0.00978,0.02021,8,"(256, 4, 4, 0.2, 0.0005)","[42, 1, 256]"
128-2-2-0.2-0.001-256.yaml,128,2,2,0.2,0.001,256,0.02341,0.04742,7,0.00978,0.02069,7,"(128, 2, 2, 0.2, 0.001)","[42, 1, 256]"
sasrec-64-3-8-0.1-0.0001.yaml,64,3,8,0.1,0.0001,42,0.02235,0.04192,84,0.00978,0.0189,84,"(64, 3, 8, 0.1, 0.0001)",[42]
sasrec-256-3-2-0.3-0.0001.yaml,256,3,2,0.3,0.0001,42,0.02445,0.05054,36,0.00977,0.02075,36,"(256, 3, 2, 0.3, 0.0001)",[42]
sasrec-128-4-4-0.2-0.001.yaml,128,4,4,0.2,0.001,42,0.02316,0.04593,7,0.00977,0.02051,7,"(128, 4, 4, 0.2, 0.001)","[42, 1, 256]"
sasrec-128-3-8-0.1-0.0005.yaml,128,3,8,0.1,0.0005,42,0.02392,0.04697,12,0.00977,0.02015,12,"(128, 3, 8, 0.1, 0.0005)",[42]
sasrec-128-1-4-0.1-0.0005.yaml,128,1,4,0.1,0.0005,42,0.02113,0.04252,10,0.00976,0.02015,10,"(128, 1, 4, 0.1, 0.0005)",[42]
sasrec-256-1-4-0.1-0.0005.yaml,256,1,4,0.1,0.0005,42,0.02273,0.04712,7,0.00976,0.02015,7,"(256, 1, 4, 0.1, 0.0005)",[42]
sasrec-128-3-8-0.1-0.001.yaml,128,3,8,0.1,0.001,42,0.02376,0.04802,6,0.00976,0.02033,6,"(128, 3, 8, 0.1, 0.001)",[42]
sasrec-64-4-2-0.2-0.0001.yaml,64,4,2,0.2,0.0001,42,0.02291,0.04489,99,0.00976,0.01914,99,"(64, 4, 2, 0.2, 0.0001)",[42]
sasrec-64-2-2-0.2-0.001.yaml,64,2,2,0.2,0.001,42,0.02402,0.04683,9,0.00975,0.02003,9,"(64, 2, 2, 0.2, 0.001)","[42, 1, 256]"
sasrec-64-3-4-0.3-0.0001.yaml,64,3,4,0.3,0.0001,42,0.02409,0.04504,102,0.00975,0.0192,102,"(64, 3, 4, 0.3, 0.0001)",[42]
256-2-2-0.3-0.0005-1.yaml,256,2,2,0.3,0.0005,1,0.02361,0.04802,8,0.00974,0.02057,8,"(256, 2, 2, 0.3, 0.0005)","[42, 1, 256]"
sasrec-128-1-2-0.1-0.005.yaml,128,1,2,0.1,0.005,42,0.02036,0.03791,6,0.00974,0.02015,6,"(128, 1, 2, 0.1, 0.005)",[42]
sasrec-64-4-8-0.2-0.0001.yaml,64,4,8,0.2,0.0001,42,0.02347,0.0437,89,0.00974,0.01908,89,"(64, 4, 8, 0.2, 0.0001)",[42]
sasrec-256-2-2-0.1-0.0001.yaml,256,2,2,0.1,0.0001,42,0.02218,0.04252,43,0.00974,0.02051,43,"(256, 2, 2, 0.1, 0.0001)",[42]
sasrec-128-2-8-0.1-0.0001.yaml,128,2,8,0.1,0.0001,42,0.02261,0.04445,62,0.00972,0.02027,62,"(128, 2, 8, 0.1, 0.0001)",[42]
sasrec-128-1-4-0.3-0.0005.yaml,128,1,4,0.3,0.0005,42,0.02245,0.04519,11,0.00972,0.01985,11,"(128, 1, 4, 0.3, 0.0005)",[42]
sasrec-256-4-4-0.2-0.0001.yaml,256,4,4,0.2,0.0001,42,0.02459,0.04861,33,0.00972,0.02057,33,"(256, 4, 4, 0.2, 0.0001)",[42]
sasrec-64-2-8-0.3-0.0001.yaml,64,2,8,0.3,0.0001,42,0.02329,0.04385,103,0.00972,0.0195,103,"(64, 2, 8, 0.3, 0.0001)",[42]
256-2-4-0.2-0.001-1.yaml,256,2,4,0.2,0.001,1,0.0233,0.04802,4,0.00972,0.02045,4,"(256, 2, 4, 0.2, 0.001)","[42, 1, 256]"
sasrec-64-4-2-0.2-0.001.yaml,64,4,2,0.2,0.001,42,0.02238,0.0446,10,0.00971,0.0195,10,"(64, 4, 2, 0.2, 0.001)","[42, 1, 256]"
sasrec-128-4-8-0.1-0.001.yaml,128,4,8,0.1,0.001,42,0.02359,0.04668,5,0.00971,0.01962,5,"(128, 4, 8, 0.1, 0.001)",[42]
sasrec-256-1-8-0.3-0.0001.yaml,256,1,8,0.3,0.0001,42,0.02263,0.0446,63,0.00971,0.02021,63,"(256, 1, 8, 0.3, 0.0001)",[42]
sasrec-128-3-2-0.3-0.0005.yaml,128,3,2,0.3,0.0005,42,0.02458,0.04906,10,0.0097,0.01968,10,"(128, 3, 2, 0.3, 0.0005)",[42]
sasrec-128-1-8-0.3-0.005.yaml,128,1,8,0.3,0.005,42,0.02164,0.04281,5,0.0097,0.02039,5,"(128, 1, 8, 0.3, 0.005)",[42]
sasrec-64-4-4-0.3-0.0001.yaml,64,4,4,0.3,0.0001,42,0.02293,0.04356,94,0.0097,0.01932,94,"(64, 4, 4, 0.3, 0.0001)",[42]
sasrec-64-4-8-0.2-0.0005.yaml,64,4,8,0.2,0.0005,42,0.02346,0.04534,16,0.0097,0.01926,16,"(64, 4, 8, 0.2, 0.0005)",[42]
sasrec-128-1-8-0.2-0.001.yaml,128,1,8,0.2,0.001,42,0.02171,0.04326,5,0.00969,0.01985,5,"(128, 1, 8, 0.2, 0.001)",[42]
sasrec-128-3-8-0.2-0.0001.yaml,128,3,8,0.2,0.0001,42,0.02302,0.04385,57,0.00968,0.02033,57,"(128, 3, 8, 0.2, 0.0001)",[42]
sasrec-256-2-4-0.1-0.0001.yaml,256,2,4,0.1,0.0001,42,0.02264,0.04385,40,0.00968,0.02033,40,"(256, 2, 4, 0.1, 0.0001)",[42]
256-2-2-0.2-0.001-1.yaml,256,2,2,0.2,0.001,1,0.02382,0.04831,4,0.00967,0.02075,4,"(256, 2, 2, 0.2, 0.001)","[42, 1, 256]"
256-4-4-0.3-0.001-256.yaml,256,4,4,0.3,0.001,256,0.02199,0.0446,6,0.00967,0.02063,6,"(256, 4, 4, 0.3, 0.001)","[1, 256]"
sasrec-128-1-2-0.2-0.005.yaml,128,1,2,0.2,0.005,42,0.02153,0.04222,5,0.00967,0.02027,5,"(128, 1, 2, 0.2, 0.005)",[42]
sasrec-256-4-2-0.1-0.0001.yaml,256,4,2,0.1,0.0001,42,0.02441,0.04341,51,0.00966,0.0192,51,"(256, 4, 2, 0.1, 0.0001)",[42]
sasrec-256-1-8-0.1-0.0005.yaml,256,1,8,0.1,0.0005,42,0.02204,0.04326,10,0.00966,0.02033,10,"(256, 1, 8, 0.1, 0.0005)",[42]
sasrec-64-3-2-0.3-0.001.yaml,64,3,2,0.3,0.001,42,0.02332,0.04623,10,0.00966,0.01962,10,"(64, 3, 2, 0.3, 0.001)",[42]
sasrec-128-4-8-0.3-0.001.yaml,128,4,8,0.3,0.001,42,0.0237,0.04697,7,0.00966,0.01973,7,"(128, 4, 8, 0.3, 0.001)",[42]
sasrec-128-1-4-0.1-0.001.yaml,128,1,4,0.1,0.001,42,0.02154,0.044,5,0.00965,0.01979,5,"(128, 1, 4, 0.1, 0.001)",[42]
sasrec-128-3-4-0.1-0.001.yaml,128,3,4,0.1,0.001,42,0.02339,0.04668,5,0.00965,0.01902,5,"(128, 3, 4, 0.1, 0.001)",[42]
sasrec-64-1-8-0.1-0.0005.yaml,64,1,8,0.1,0.0005,42,0.02043,0.03984,20,0.00964,0.02039,20,"(64, 1, 8, 0.1, 0.0005)",[42]
sasrec-256-1-4-0.1-0.001.yaml,256,1,4,0.1,0.001,42,0.02302,0.04638,4,0.00964,0.02039,4,"(256, 1, 4, 0.1, 0.001)",[42]
sasrec-128-1-8-0.1-0.001.yaml,128,1,8,0.1,0.001,42,0.02223,0.0446,5,0.00964,0.01973,5,"(128, 1, 8, 0.1, 0.001)",[42]
128-4-4-0.3-0.001-256.yaml,128,4,4,0.3,0.001,256,0.02361,0.04608,7,0.00963,0.01956,7,"(128, 4, 4, 0.3, 0.001)","[42, 1, 256]"
sasrec-64-2-8-0.3-0.001.yaml,64,2,8,0.3,0.001,42,0.02363,0.04593,9,0.00963,0.01914,9,"(64, 2, 8, 0.3, 0.001)",[42]
sasrec-64-3-4-0.2-0.0001.yaml,64,3,4,0.2,0.0001,42,0.02316,0.0446,92,0.00963,0.01884,92,"(64, 3, 4, 0.2, 0.0001)",[42]
256-2-4-0.3-0.001-256.yaml,256,2,4,0.3,0.001,256,0.02334,0.04712,4,0.00963,0.02033,4,"(256, 2, 4, 0.3, 0.001)","[1, 256]"
sasrec-128-2-4-0.1-0.0001.yaml,128,2,4,0.1,0.0001,42,0.02231,0.04326,60,0.00963,0.02039,60,"(128, 2, 4, 0.1, 0.0001)",[42]
sasrec-64-2-4-0.1-0.001.yaml,64,2,4,0.1,0.001,42,0.0225,0.0446,9,0.00963,0.01944,9,"(64, 2, 4, 0.1, 0.001)",[42]
sasrec-128-4-8-0.3-0.0001.yaml,128,4,8,0.3,0.0001,42,0.02352,0.04593,52,0.00961,0.01956,52,"(128, 4, 8, 0.3, 0.0001)",[42]
sasrec-64-1-2-0.3-0.005.yaml,64,1,2,0.3,0.005,42,0.02171,0.0437,7,0.0096,0.02027,7,"(64, 1, 2, 0.3, 0.005)",[42]
sasrec-64-3-2-0.1-0.0001.yaml,64,3,2,0.1,0.0001,42,0.02172,0.04147,85,0.00959,0.01878,85,"(64, 3, 2, 0.1, 0.0001)",[42]
sasrec-64-4-4-0.1-0.0001.yaml,64,4,4,0.1,0.0001,42,0.0218,0.04177,82,0.00958,0.01855,82,"(64, 4, 4, 0.1, 0.0001)",[42]
sasrec-128-2-8-0.2-0.0001.yaml,128,2,8,0.2,0.0001,42,0.02208,0.04356,62,0.00958,0.01926,62,"(128, 2, 8, 0.2, 0.0001)",[42]
sasrec-128-4-4-0.3-0.001.yaml,128,4,4,0.3,0.001,42,0.02252,0.0443,7,0.00957,0.01979,7,"(128, 4, 4, 0.3, 0.001)","[42, 1, 256]"
sasrec-64-1-4-0.1-0.0005.yaml,64,1,4,0.1,0.0005,42,0.02154,0.04281,21,0.00957,0.02003,21,"(64, 1, 4, 0.1, 0.0005)",[42]
sasrec-256-2-8-0.1-0.0001.yaml,256,2,8,0.1,0.0001,42,0.02274,0.04252,45,0.00957,0.02039,45,"(256, 2, 8, 0.1, 0.0001)",[42]
sasrec-256-2-2-0.2-0.0001.yaml,256,2,2,0.2,0.0001,42,0.02341,0.04489,51,0.00956,0.02027,51,"(256, 2, 2, 0.2, 0.0001)",[42]
64-2-4-0.2-0.0005-256.yaml,64,2,4,0.2,0.0005,256,0.02196,0.04281,18,0.00955,0.0195,18,"(64, 2, 4, 0.2, 0.0005)","[42, 1, 256]"
sasrec-128-1-2-0.2-0.01.yaml,128,1,2,0.2,0.01,42,0.02255,0.03806,71,0.00953,0.01706,71,"(128, 1, 2, 0.2, 0.01)",[42]
sasrec-64-2-8-0.2-0.0005.yaml,64,2,8,0.2,0.0005,42,0.02277,0.04356,15,0.00953,0.01896,15,"(64, 2, 8, 0.2, 0.0005)",[42]
sasrec-64-4-8-0.3-0.0005.yaml,64,4,8,0.3,0.0005,42,0.02288,0.04445,16,0.00952,0.01872,16,"(64, 4, 8, 0.3, 0.0005)",[42]
sasrec-64-2-4-0.3-0.005.yaml,64,2,4,0.3,0.005,42,0.02182,0.04296,9,0.00952,0.01991,9,"(64, 2, 4, 0.3, 0.005)",[42]
64-2-2-0.2-0.0005-256.yaml,64,2,2,0.2,0.0005,256,0.02245,0.044,24,0.00952,0.02045,24,"(64, 2, 2, 0.2, 0.0005)","[42, 1, 256]"
64-2-4-0.3-0.0005-256.yaml,64,2,4,0.3,0.0005,256,0.02275,0.04385,22,0.00951,0.01962,22,"(64, 2, 4, 0.3, 0.0005)","[42, 1, 256]"
sasrec-128-1-8-0.2-0.005.yaml,128,1,8,0.2,0.005,42,0.02123,0.04162,5,0.00949,0.01979,5,"(128, 1, 8, 0.2, 0.005)",[42]
sasrec-64-1-8-0.3-0.0005.yaml,64,1,8,0.3,0.0005,42,0.02053,0.03954,18,0.00949,0.0189,18,"(64, 1, 8, 0.3, 0.0005)",[42]
sasrec-256-4-8-0.1-0.0005.yaml,256,4,8,0.1,0.0005,42,0.02507,0.04935,7,0.00949,0.02003,7,"(256, 4, 8, 0.1, 0.0005)",[42]
64-2-2-0.3-0.001-256.yaml,64,2,2,0.3,0.001,256,0.02289,0.04445,11,0.00949,0.01962,11,"(64, 2, 2, 0.3, 0.001)","[42, 1, 256]"
sasrec-64-2-4-0.1-0.0005.yaml,64,2,4,0.1,0.0005,42,0.02286,0.04326,16,0.00947,0.01896,16,"(64, 2, 4, 0.1, 0.0005)",[42]
sasrec-256-1-4-0.1-0.0001.yaml,256,1,4,0.1,0.0001,42,0.02251,0.04326,46,0.00945,0.01973,46,"(256, 1, 4, 0.1, 0.0001)",[42]
sasrec-128-4-2-0.3-0.001.yaml,128,4,2,0.3,0.001,42,0.02341,0.04712,7,0.00943,0.01926,7,"(128, 4, 2, 0.3, 0.001)","[42, 1, 256]"
256-2-2-0.3-0.001-1.yaml,256,2,2,0.3,0.001,1,0.02369,0.0498,4,0.00943,0.02027,4,"(256, 2, 2, 0.3, 0.001)","[42, 1]"
sasrec-64-3-4-0.1-0.0001.yaml,64,3,4,0.1,0.0001,42,0.02207,0.04207,88,0.00942,0.01849,88,"(64, 3, 4, 0.1, 0.0001)",[42]
sasrec-256-3-2-0.3-0.001.yaml,256,3,2,0.3,0.001,42,0.02379,0.04816,4,0.00941,0.02003,4,"(256, 3, 2, 0.3, 0.001)",[42]
sasrec-256-1-8-0.2-0.0005.yaml,256,1,8,0.2,0.0005,42,0.02187,0.04519,6,0.00941,0.01914,6,"(256, 1, 8, 0.2, 0.0005)",[42]
sasrec-64-2-8-0.3-0.0005.yaml,64,2,8,0.3,0.0005,42,0.02241,0.04341,19,0.0094,0.0189,19,"(64, 2, 8, 0.3, 0.0005)",[42]
sasrec-128-1-4-0.1-0.0001.yaml,128,1,4,0.1,0.0001,42,0.02101,0.04133,53,0.00939,0.01938,53,"(128, 1, 4, 0.1, 0.0001)",[42]
sasrec-128-4-8-0.2-0.001.yaml,128,4,8,0.2,0.001,42,0.02398,0.04653,5,0.00939,0.01866,5,"(128, 4, 8, 0.2, 0.001)",[42]
sasrec-256-4-4-0.1-0.0005.yaml,256,4,4,0.1,0.0005,42,0.02467,0.05054,6,0.00938,0.01962,6,"(256, 4, 4, 0.1, 0.0005)",[42]
sasrec-64-1-4-0.2-0.001.yaml,64,1,4,0.2,0.001,42,0.0212,0.04281,11,0.00938,0.01962,11,"(64, 1, 4, 0.2, 0.001)",[42]
sasrec-64-1-2-0.3-0.0005.yaml,64,1,2,0.3,0.0005,42,0.02111,0.04147,18,0.00937,0.01866,18,"(64, 1, 2, 0.3, 0.0005)",[42]
256-4-2-0.3-0.001-1.yaml,256,4,2,0.3,0.001,1,0.0224,0.04415,5,0.00937,0.01973,5,"(256, 4, 2, 0.3, 0.001)","[42, 1, 256]"
sasrec-128-3-8-0.1-0.0001.yaml,128,3,8,0.1,0.0001,42,0.02263,0.04326,52,0.00937,0.01932,52,"(128, 3, 8, 0.1, 0.0001)",[42]
sasrec-64-1-8-0.1-0.005.yaml,64,1,8,0.1,0.005,42,0.02119,0.04415,4,0.00936,0.01991,4,"(64, 1, 8, 0.1, 0.005)",[42]
sasrec-128-3-4-0.1-0.0001.yaml,128,3,4,0.1,0.0001,42,0.02166,0.04177,49,0.00936,0.01914,49,"(128, 3, 4, 0.1, 0.0001)",[42]
sasrec-64-2-2-0.3-0.0001.yaml,64,2,2,0.3,0.0001,42,0.02245,0.04415,116,0.00935,0.01855,116,"(64, 2, 2, 0.3, 0.0001)",[42]
sasrec-256-1-8-0.2-0.0001.yaml,256,1,8,0.2,0.0001,42,0.02213,0.04103,63,0.00934,0.01932,63,"(256, 1, 8, 0.2, 0.0001)",[42]
sasrec-128-3-8-0.3-0.0005.yaml,128,3,8,0.3,0.0005,42,0.0244,0.04757,10,0.00932,0.0189,10,"(128, 3, 8, 0.3, 0.0005)",[42]
sasrec-64-2-8-0.3-0.005.yaml,64,2,8,0.3,0.005,42,0.02093,0.04118,9,0.00932,0.01914,9,"(64, 2, 8, 0.3, 0.005)",[42]
sasrec-128-1-8-0.2-0.0001.yaml,128,1,8,0.2,0.0001,42,0.02123,0.04237,64,0.00932,0.01979,64,"(128, 1, 8, 0.2, 0.0001)",[42]
sasrec-64-2-2-0.3-0.001.yaml,64,2,2,0.3,0.001,42,0.02383,0.04653,9,0.00931,0.01902,9,"(64, 2, 2, 0.3, 0.001)","[42, 1, 256]"
sasrec-64-2-2-0.1-0.0005.yaml,64,2,2,0.1,0.0005,42,0.02255,0.04311,14,0.00928,0.01795,14,"(64, 2, 2, 0.1, 0.0005)",[42]
sasrec-256-4-2-0.3-0.0005.yaml,256,4,2,0.3,0.0005,42,0.02393,0.04727,7,0.00928,0.0195,7,"(256, 4, 2, 0.3, 0.0005)","[42, 1, 256]"
sasrec-128-1-8-0.1-0.0001.yaml,128,1,8,0.1,0.0001,42,0.02169,0.04237,53,0.00928,0.0195,53,"(128, 1, 8, 0.1, 0.0001)",[42]
sasrec-64-1-4-0.1-0.01.yaml,64,1,4,0.1,0.01,42,0.02064,0.04118,4,0.00928,0.01902,4,"(64, 1, 4, 0.1, 0.01)",[42]
sasrec-256-4-8-0.1-0.0001.yaml,256,4,8,0.1,0.0001,42,0.0243,0.04712,30,0.00927,0.01938,30,"(256, 4, 8, 0.1, 0.0001)",[42]
sasrec-64-1-8-0.3-0.001.yaml,64,1,8,0.3,0.001,42,0.02108,0.04252,11,0.00926,0.01902,11,"(64, 1, 8, 0.3, 0.001)",[42]
256-4-4-0.3-0.001-1.yaml,256,4,4,0.3,0.001,1,0.02298,0.04593,5,0.00925,0.01962,5,"(256, 4, 4, 0.3, 0.001)","[1, 256]"
sasrec-64-1-4-0.2-0.0005.yaml,64,1,4,0.2,0.0005,42,0.02155,0.044,20,0.00924,0.01908,20,"(64, 1, 4, 0.2, 0.0005)",[42]
sasrec-64-1-4-0.1-0.005.yaml,64,1,4,0.1,0.005,42,0.02076,0.04356,4,0.00923,0.01902,4,"(64, 1, 4, 0.1, 0.005)",[42]
sasrec-64-1-4-0.1-0.001.yaml,64,1,4,0.1,0.001,42,0.02169,0.04207,7,0.0092,0.01831,7,"(64, 1, 4, 0.1, 0.001)",[42]
sasrec-128-4-8-0.1-0.0001.yaml,128,4,8,0.1,0.0001,42,0.02299,0.04475,54,0.0092,0.01902,54,"(128, 4, 8, 0.1, 0.0001)",[42]
sasrec-128-4-4-0.1-0.001.yaml,128,4,4,0.1,0.001,42,0.02415,0.04787,5,0.00918,0.01837,5,"(128, 4, 4, 0.1, 0.001)",[42]
sasrec-256-4-4-0.1-0.0001.yaml,256,4,4,0.1,0.0001,42,0.02516,0.04965,28,0.00918,0.01938,28,"(256, 4, 4, 0.1, 0.0001)",[42]
sasrec-64-1-2-0.3-0.01.yaml,64,1,2,0.3,0.01,42,0.02181,0.04073,11,0.00918,0.01872,11,"(64, 1, 2, 0.3, 0.01)",[42]
sasrec-256-4-8-0.2-0.0005.yaml,256,4,8,0.2,0.0005,42,0.02478,0.04935,7,0.00917,0.01926,7,"(256, 4, 8, 0.2, 0.0005)",[42]
sasrec-64-2-4-0.3-0.0001.yaml,64,2,4,0.3,0.0001,42,0.02303,0.04385,97,0.00917,0.01813,97,"(64, 2, 4, 0.3, 0.0001)",[42]
sasrec-64-1-2-0.1-0.0001.yaml,64,1,2,0.1,0.0001,42,0.02123,0.04118,130,0.00916,0.01944,130,"(64, 1, 2, 0.1, 0.0001)",[42]
sasrec-64-1-4-0.3-0.0005.yaml,64,1,4,0.3,0.0005,42,0.02129,0.04252,21,0.00915,0.01855,21,"(64, 1, 4, 0.3, 0.0005)",[42]
sasrec-64-2-4-0.3-0.0005.yaml,64,2,4,0.3,0.0005,42,0.02378,0.04608,17,0.00913,0.01801,17,"(64, 2, 4, 0.3, 0.0005)","[42, 1, 256]"
sasrec-128-2-8-0.1-0.005.yaml,128,2,8,0.1,0.005,42,0.01886,0.03642,4,0.00912,0.01902,4,"(128, 2, 8, 0.1, 0.005)",[42]
sasrec-128-4-8-0.2-0.0001.yaml,128,4,8,0.2,0.0001,42,0.02296,0.04475,49,0.00912,0.01855,49,"(128, 4, 8, 0.2, 0.0001)",[42]
sasrec-128-4-2-0.2-0.0001.yaml,128,4,2,0.2,0.0001,42,0.02299,0.0446,48,0.00911,0.01849,48,"(128, 4, 2, 0.2, 0.0001)",[42]
sasrec-64-2-4-0.1-0.0001.yaml,64,2,4,0.1,0.0001,42,0.02294,0.04296,80,0.00909,0.01754,80,"(64, 2, 4, 0.1, 0.0001)",[42]
sasrec-64-1-8-0.1-0.001.yaml,64,1,8,0.1,0.001,42,0.02175,0.04222,7,0.00909,0.01819,7,"(64, 1, 8, 0.1, 0.001)",[42]
sasrec-64-2-8-0.1-0.0001.yaml,64,2,8,0.1,0.0001,42,0.02232,0.04162,75,0.00905,0.01765,75,"(64, 2, 8, 0.1, 0.0001)",[42]
sasrec-128-4-4-0.1-0.0001.yaml,128,4,4,0.1,0.0001,42,0.02204,0.04296,44,0.00902,0.01855,44,"(128, 4, 4, 0.1, 0.0001)",[42]
sasrec-128-4-8-0.3-0.0005.yaml,128,4,8,0.3,0.0005,42,0.02426,0.04712,9,0.00899,0.01819,9,"(128, 4, 8, 0.3, 0.0005)",[42]
sasrec-64-2-4-0.2-0.0001.yaml,64,2,4,0.2,0.0001,42,0.0235,0.04415,89,0.00898,0.01777,89,"(64, 2, 4, 0.2, 0.0001)",[42]
sasrec-128-4-4-0.2-0.0001.yaml,128,4,4,0.2,0.0001,42,0.02272,0.04415,48,0.00898,0.01855,48,"(128, 4, 4, 0.2, 0.0001)",[42]
sasrec-64-4-8-0.1-0.0001.yaml,64,4,8,0.1,0.0001,42,0.02248,0.04326,93,0.00898,0.01771,93,"(64, 4, 8, 0.1, 0.0001)",[42]
sasrec-64-4-2-0.1-0.0001.yaml,64,4,2,0.1,0.0001,42,0.02238,0.04356,89,0.00897,0.01748,89,"(64, 4, 2, 0.1, 0.0001)",[42]
sasrec-64-1-2-0.3-0.0001.yaml,64,1,2,0.3,0.0001,42,0.02022,0.04029,149,0.00897,0.01932,149,"(64, 1, 2, 0.3, 0.0001)",[42]
sasrec-64-1-4-0.3-0.0001.yaml,64,1,4,0.3,0.0001,42,0.02017,0.0385,103,0.00893,0.01783,103,"(64, 1, 4, 0.3, 0.0001)",[42]
sasrec-64-1-4-0.3-0.001.yaml,64,1,4,0.3,0.001,42,0.02129,0.04103,9,0.00892,0.01807,9,"(64, 1, 4, 0.3, 0.001)",[42]
sasrec-256-4-8-0.1-0.001.yaml,256,4,8,0.1,0.001,42,0.02192,0.04445,4,0.00888,0.01819,4,"(256, 4, 8, 0.1, 0.001)",[42]
sasrec-64-2-2-0.1-0.005.yaml,64,2,2,0.1,0.005,42,0.02012,0.04043,6,0.00888,0.01896,6,"(64, 2, 2, 0.1, 0.005)",[42]
sasrec-64-2-8-0.2-0.0001.yaml,64,2,8,0.2,0.0001,42,0.02243,0.04281,88,0.00887,0.01712,88,"(64, 2, 8, 0.2, 0.0001)",[42]
sasrec-64-1-8-0.2-0.0001.yaml,64,1,8,0.2,0.0001,42,0.02089,0.04133,134,0.00883,0.01878,134,"(64, 1, 8, 0.2, 0.0001)",[42]
sasrec-64-2-4-0.2-0.0005.yaml,64,2,4,0.2,0.0005,42,0.02331,0.0446,13,0.00881,0.01664,13,"(64, 2, 4, 0.2, 0.0005)","[42, 1, 256]"
sasrec-64-2-2-0.1-0.0001.yaml,64,2,2,0.1,0.0001,42,0.02193,0.04073,77,0.00879,0.017,77,"(64, 2, 2, 0.1, 0.0001)",[42]
sasrec-256-1-8-0.1-0.0001.yaml,256,1,8,0.1,0.0001,42,0.02144,0.04356,30,0.00878,0.01795,30,"(256, 1, 8, 0.1, 0.0001)",[42]
sasrec-64-1-8-0.3-0.0001.yaml,64,1,8,0.3,0.0001,42,0.01989,0.0382,104,0.00875,0.01759,104,"(64, 1, 8, 0.3, 0.0001)",[42]
sasrec-64-1-4-0.1-0.0001.yaml,64,1,4,0.1,0.0001,42,0.02026,0.03835,75,0.00873,0.01742,75,"(64, 1, 4, 0.1, 0.0001)",[42]
sasrec-64-1-8-0.2-0.0005.yaml,64,1,8,0.2,0.0005,42,0.02042,0.0391,14,0.00872,0.01676,14,"(64, 1, 8, 0.2, 0.0005)",[42]
sasrec-64-1-8-0.2-0.001.yaml,64,1,8,0.2,0.001,42,0.02118,0.04162,7,0.00871,0.01706,7,"(64, 1, 8, 0.2, 0.001)",[42]
sasrec-64-1-4-0.2-0.0001.yaml,64,1,4,0.2,0.0001,42,0.02047,0.03924,84,0.00865,0.017,84,"(64, 1, 4, 0.2, 0.0001)",[42]
sasrec-64-1-8-0.2-0.005.yaml,64,1,8,0.2,0.005,42,0.02113,0.03865,11,0.00861,0.017,11,"(64, 1, 8, 0.2, 0.005)",[42]
sasrec-64-2-2-0.2-0.0001.yaml,64,2,2,0.2,0.0001,42,0.02254,0.04207,86,0.00856,0.01652,86,"(64, 2, 2, 0.2, 0.0001)",[42]
sasrec-64-2-8-0.1-0.005.yaml,64,2,8,0.1,0.005,42,0.01996,0.0382,7,0.00845,0.01777,7,"(64, 2, 8, 0.1, 0.005)",[42]
sasrec-64-2-4-0.2-0.005.yaml,64,2,4,0.2,0.005,42,0.01995,0.03865,9,0.00838,0.017,9,"(64, 2, 4, 0.2, 0.005)",[42]
sasrec-64-2-4-0.1-0.005.yaml,64,2,4,0.1,0.005,42,0.02094,0.04058,6,0.00837,0.01771,6,"(64, 2, 4, 0.1, 0.005)",[42]
sasrec-256-1-8-0.3-0.005.yaml,256,1,8,0.3,0.005,42,0.01844,0.03924,5,0.00835,0.01736,5,"(256, 1, 8, 0.3, 0.005)",[42]
sasrec-256-1-4-0.2-0.005.yaml,256,1,4,0.2,0.005,42,0.0194,0.03954,4,0.00818,0.01736,4,"(256, 1, 4, 0.2, 0.005)",[42]
sasrec-256-1-8-0.1-0.005.yaml,256,1,8,0.1,0.005,42,0.01962,0.03895,4,0.00799,0.01712,4,"(256, 1, 8, 0.1, 0.005)",[42]
sasrec-64-3-8-0.1-0.005.yaml,64,3,8,0.1,0.005,42,0.01774,0.03464,8,0.0077,0.01569,8,"(64, 3, 8, 0.1, 0.005)",[42]
sasrec-64-3-2-0.2-0.005.yaml,64,3,2,0.2,0.005,42,0.01932,0.03449,13,0.00764,0.01563,13,"(64, 3, 2, 0.2, 0.005)",[42]
sasrec-64-3-8-0.2-0.005.yaml,64,3,8,0.2,0.005,42,0.01962,0.0385,7,0.00754,0.01474,7,"(64, 3, 8, 0.2, 0.005)",[42]
sasrec-128-2-2-0.1-0.005.yaml,128,2,2,0.1,0.005,42,0.01843,0.03107,11,0.00731,0.01397,11,"(128, 2, 2, 0.1, 0.005)",[42]
sasrec-128-1-8-0.3-0.01.yaml,128,1,8,0.3,0.01,42,0.01963,0.0333,62,0.00726,0.01308,62,"(128, 1, 8, 0.3, 0.01)",[42]
sasrec-128-1-4-0.3-0.01.yaml,128,1,4,0.3,0.01,42,0.0185,0.02973,139,0.00696,0.0129,139,"(128, 1, 4, 0.3, 0.01)",[42]
sasrec-128-2-2-0.2-0.005.yaml,128,2,2,0.2,0.005,42,0.01873,0.02988,125,0.0069,0.01284,125,"(128, 2, 2, 0.2, 0.005)",[42]
sasrec-64-3-4-0.1-0.005.yaml,64,3,4,0.1,0.005,42,0.01835,0.03553,8,0.00683,0.01379,8,"(64, 3, 4, 0.1, 0.005)",[42]
sasrec-128-2-4-0.1-0.005.yaml,128,2,4,0.1,0.005,42,0.01856,0.03583,6,0.0068,0.01385,6,"(128, 2, 4, 0.1, 0.005)",[42]
sasrec-256-1-8-0.2-0.005.yaml,256,1,8,0.2,0.005,42,0.01822,0.02839,65,0.00678,0.01213,65,"(256, 1, 8, 0.2, 0.005)",[42]
sasrec-128-1-2-0.1-0.01.yaml,128,1,2,0.1,0.01,42,0.01858,0.02943,58,0.00667,0.01189,58,"(128, 1, 2, 0.1, 0.01)",[42]
sasrec-128-1-4-0.2-0.01.yaml,128,1,4,0.2,0.01,42,0.01936,0.03151,59,0.00654,0.01183,59,"(128, 1, 4, 0.2, 0.01)",[42]
sasrec-256-2-2-0.2-0.005.yaml,256,2,2,0.2,0.005,42,0.01669,0.03122,9,0.00654,0.01302,9,"(256, 2, 2, 0.2, 0.005)",[42]
sasrec-256-4-2-0.1-0.001.yaml,256,4,2,0.1,0.001,42,0.01817,0.03523,13,0.0065,0.01337,13,"(256, 4, 2, 0.1, 0.001)",[42]
sasrec-128-1-8-0.1-0.01.yaml,128,1,8,0.1,0.01,42,0.01811,0.02884,124,0.00627,0.01112,124,"(128, 1, 8, 0.1, 0.01)",[42]
sasrec-128-1-2-0.3-0.01.yaml,128,1,2,0.3,0.01,42,0.01526,0.02527,54,0.00623,0.01123,54,"(128, 1, 2, 0.3, 0.01)",[42]
sasrec-256-2-2-0.3-0.005.yaml,256,2,2,0.3,0.005,42,0.01561,0.02601,19,0.00618,0.01076,19,"(256, 2, 2, 0.3, 0.005)",[42]
sasrec-256-2-4-0.2-0.005.yaml,256,2,4,0.2,0.005,42,0.019,0.03033,129,0.00608,0.01112,129,"(256, 2, 4, 0.2, 0.005)",[42]
sasrec-256-1-4-0.1-0.005.yaml,256,1,4,0.1,0.005,42,0.01883,0.03107,84,0.00608,0.01106,84,"(256, 1, 4, 0.1, 0.005)",[42]
sasrec-128-1-8-0.2-0.01.yaml,128,1,8,0.2,0.01,42,0.01777,0.03003,36,0.006,0.01106,36,"(128, 1, 8, 0.2, 0.01)",[42]
sasrec-256-1-2-0.2-0.01.yaml,256,1,2,0.2,0.01,42,0.01372,0.02364,145,0.00563,0.00999,145,"(256, 1, 2, 0.2, 0.01)",[42]
sasrec-128-2-8-0.3-0.005.yaml,128,2,8,0.3,0.005,42,0.0168,0.0275,121,0.00562,0.01076,121,"(128, 2, 8, 0.3, 0.005)",[42]
sasrec-64-2-2-0.2-0.01.yaml,64,2,2,0.2,0.01,42,0.0168,0.02735,72,0.00561,0.01046,72,"(64, 2, 2, 0.2, 0.01)",[42]
sasrec-128-1-4-0.1-0.01.yaml,128,1,4,0.1,0.01,42,0.01805,0.02839,84,0.00552,0.00933,84,"(128, 1, 4, 0.1, 0.01)",[42]
sasrec-256-1-2-0.3-0.01.yaml,256,1,2,0.3,0.01,42,0.01529,0.02601,36,0.00551,0.01088,36,"(256, 1, 2, 0.3, 0.01)",[42]
sasrec-64-2-4-0.2-0.01.yaml,64,2,4,0.2,0.01,42,0.01531,0.02646,45,0.0054,0.00981,45,"(64, 2, 4, 0.2, 0.01)",[42]
sasrec-128-2-8-0.2-0.005.yaml,128,2,8,0.2,0.005,42,0.01714,0.0272,41,0.00528,0.00951,41,"(128, 2, 8, 0.2, 0.005)",[42]
sasrec-256-1-4-0.2-0.01.yaml,256,1,4,0.2,0.01,42,0.01253,0.02111,114,0.00513,0.00886,114,"(256, 1, 4, 0.2, 0.01)",[42]
sasrec-256-1-4-0.3-0.01.yaml,256,1,4,0.3,0.01,42,0.01224,0.0217,146,0.00511,0.00945,146,"(256, 1, 4, 0.3, 0.01)",[42]
sasrec-64-2-4-0.1-0.01.yaml,64,2,4,0.1,0.01,42,0.01577,0.02438,119,0.00506,0.00862,119,"(64, 2, 4, 0.1, 0.01)",[42]
sasrec-256-4-2-0.3-0.001.yaml,256,4,2,0.3,0.001,42,0.01488,0.02557,89,0.00496,0.00957,89,"(256, 4, 2, 0.3, 0.001)","[42, 1, 256]"
sasrec-256-1-4-0.1-0.01.yaml,256,1,4,0.1,0.01,42,0.01212,0.02066,150,0.00489,0.00898,150,"(256, 1, 4, 0.1, 0.01)",[42]
sasrec-256-1-8-0.2-0.01.yaml,256,1,8,0.2,0.01,42,0.01277,0.02141,142,0.00485,0.00904,142,"(256, 1, 8, 0.2, 0.01)",[42]
sasrec-256-1-8-0.3-0.01.yaml,256,1,8,0.3,0.01,42,0.01278,0.022,132,0.0048,0.00915,132,"(256, 1, 8, 0.3, 0.01)",[42]
sasrec-64-2-4-0.3-0.01.yaml,64,2,4,0.3,0.01,42,0.01333,0.02393,142,0.00475,0.0085,142,"(64, 2, 4, 0.3, 0.01)",[42]
sasrec-64-3-8-0.3-0.005.yaml,64,3,8,0.3,0.005,42,0.01439,0.02423,141,0.00458,0.00856,141,"(64, 3, 8, 0.3, 0.005)",[42]
sasrec-256-1-8-0.1-0.01.yaml,256,1,8,0.1,0.01,42,0.01335,0.02215,114,0.00456,0.00886,114,"(256, 1, 8, 0.1, 0.01)",[42]
sasrec-64-4-8-0.2-0.005.yaml,64,4,8,0.2,0.005,42,0.01363,0.02289,127,0.00424,0.00814,127,"(64, 4, 8, 0.2, 0.005)",[42]
sasrec-256-1-2-0.1-0.01.yaml,256,1,2,0.1,0.01,42,0.0119,0.02051,143,0.00418,0.00743,143,"(256, 1, 2, 0.1, 0.01)",[42]
sasrec-128-2-2-0.3-0.005.yaml,128,2,2,0.3,0.005,42,0.0099,0.01843,78,0.00401,0.0082,78,"(128, 2, 2, 0.3, 0.005)",[42]
sasrec-64-2-2-0.1-0.01.yaml,64,2,2,0.1,0.01,42,0.00963,0.01858,29,0.00384,0.00701,29,"(64, 2, 2, 0.1, 0.01)",[42]
sasrec-256-4-2-0.3-0.005.yaml,256,4,2,0.3,0.005,42,0.01001,0.01799,17,0.00379,0.0066,17,"(256, 4, 2, 0.3, 0.005)",[42]
sasrec-128-3-2-0.1-0.01.yaml,128,3,2,0.1,0.01,42,0.00833,0.01591,149,0.00358,0.00701,149,"(128, 3, 2, 0.1, 0.01)",[42]
sasrec-256-2-2-0.1-0.005.yaml,256,2,2,0.1,0.005,42,0.00928,0.01843,89,0.00348,0.00707,89,"(256, 2, 2, 0.1, 0.005)",[42]
sasrec-64-3-2-0.1-0.005.yaml,64,3,2,0.1,0.005,42,0.01131,0.02111,146,0.00345,0.00713,146,"(64, 3, 2, 0.1, 0.005)",[42]
sasrec-256-2-2-0.3-0.01.yaml,256,2,2,0.3,0.01,42,0.01101,0.02007,85,0.00338,0.00737,85,"(256, 2, 2, 0.3, 0.01)",[42]
sasrec-64-2-2-0.3-0.01.yaml,64,2,2,0.3,0.01,42,0.00962,0.01724,114,0.00333,0.00654,114,"(64, 2, 2, 0.3, 0.01)",[42]
sasrec-256-2-2-0.2-0.01.yaml,256,2,2,0.2,0.01,42,0.01077,0.02022,46,0.00332,0.00725,46,"(256, 2, 2, 0.2, 0.01)",[42]
sasrec-128-3-2-0.1-0.005.yaml,128,3,2,0.1,0.005,42,0.00847,0.01501,89,0.00324,0.00648,89,"(128, 3, 2, 0.1, 0.005)",[42]
sasrec-128-2-4-0.1-0.01.yaml,128,2,4,0.1,0.01,42,0.00874,0.0168,34,0.00321,0.0066,34,"(128, 2, 4, 0.1, 0.01)",[42]
sasrec-64-2-8-0.3-0.01.yaml,64,2,8,0.3,0.01,42,0.00979,0.01828,148,0.0032,0.0069,148,"(64, 2, 8, 0.3, 0.01)",[42]
sasrec-256-2-4-0.3-0.005.yaml,256,2,4,0.3,0.005,42,0.00976,0.0171,148,0.00319,0.0066,148,"(256, 2, 4, 0.3, 0.005)",[42]
sasrec-128-3-4-0.1-0.01.yaml,128,3,4,0.1,0.01,42,0.00826,0.01531,125,0.00319,0.00624,125,"(128, 3, 4, 0.1, 0.01)",[42]
sasrec-64-2-8-0.2-0.01.yaml,64,2,8,0.2,0.01,42,0.00861,0.01591,83,0.00313,0.00648,83,"(64, 2, 8, 0.2, 0.01)",[42]
sasrec-128-2-8-0.1-0.01.yaml,128,2,8,0.1,0.01,42,0.00862,0.0162,26,0.00306,0.00612,26,"(128, 2, 8, 0.1, 0.01)",[42]
sasrec-128-2-2-0.1-0.01.yaml,128,2,2,0.1,0.01,42,0.00874,0.0168,86,0.00305,0.00642,86,"(128, 2, 2, 0.1, 0.01)",[42]
sasrec-128-3-2-0.2-0.005.yaml,128,3,2,0.2,0.005,42,0.00887,0.01695,60,0.00301,0.00636,60,"(128, 3, 2, 0.2, 0.005)",[42]
sasrec-128-3-8-0.1-0.005.yaml,128,3,8,0.1,0.005,42,0.00764,0.01576,70,0.003,0.006,70,"(128, 3, 8, 0.1, 0.005)",[42]
sasrec-128-2-2-0.3-0.01.yaml,128,2,2,0.3,0.01,42,0.0083,0.01457,125,0.00299,0.00618,125,"(128, 2, 2, 0.3, 0.01)",[42]
sasrec-128-2-8-0.3-0.01.yaml,128,2,8,0.3,0.01,42,0.00805,0.01576,25,0.00297,0.00612,25,"(128, 2, 8, 0.3, 0.01)",[42]
sasrec-256-3-2-0.2-0.01.yaml,256,3,2,0.2,0.01,42,0.00829,0.01457,92,0.00296,0.00594,92,"(256, 3, 2, 0.2, 0.01)",[42]
sasrec-128-2-4-0.2-0.01.yaml,128,2,4,0.2,0.01,42,0.00984,0.01754,63,0.00295,0.00606,63,"(128, 2, 4, 0.2, 0.01)",[42]
sasrec-256-2-4-0.1-0.01.yaml,256,2,4,0.1,0.01,42,0.01006,0.01828,73,0.00293,0.00612,73,"(256, 2, 4, 0.1, 0.01)",[42]
sasrec-128-2-4-0.3-0.005.yaml,128,2,4,0.3,0.005,42,0.00956,0.01873,111,0.00293,0.00594,111,"(128, 2, 4, 0.3, 0.005)",[42]
sasrec-256-3-8-0.2-0.005.yaml,256,3,8,0.2,0.005,42,0.00784,0.01412,30,0.00291,0.00624,30,"(256, 3, 8, 0.2, 0.005)",[42]
sasrec-256-2-4-0.1-0.005.yaml,256,2,4,0.1,0.005,42,0.00909,0.0171,41,0.00291,0.0063,41,"(256, 2, 4, 0.1, 0.005)",[42]
sasrec-64-3-4-0.2-0.01.yaml,64,3,4,0.2,0.01,42,0.00687,0.01353,80,0.0029,0.00559,80,"(64, 3, 4, 0.2, 0.01)",[42]
sasrec-256-4-8-0.3-0.01.yaml,256,4,8,0.3,0.01,42,0.00638,0.01174,142,0.00288,0.00547,142,"(256, 4, 8, 0.3, 0.01)",[42]
sasrec-64-3-2-0.1-0.01.yaml,64,3,2,0.1,0.01,42,0.00779,0.01457,133,0.00286,0.00588,133,"(64, 3, 2, 0.1, 0.01)",[42]
sasrec-64-3-4-0.1-0.01.yaml,64,3,4,0.1,0.01,42,0.00782,0.01591,101,0.00282,0.00565,101,"(64, 3, 4, 0.1, 0.01)",[42]
sasrec-256-4-2-0.1-0.005.yaml,256,4,2,0.1,0.005,42,0.00575,0.01189,148,0.00282,0.00553,148,"(256, 4, 2, 0.1, 0.005)",[42]
sasrec-256-3-2-0.3-0.01.yaml,256,3,2,0.3,0.01,42,0.00848,0.01561,76,0.00282,0.00571,76,"(256, 3, 2, 0.3, 0.01)",[42]
sasrec-128-3-2-0.2-0.01.yaml,128,3,2,0.2,0.01,42,0.00741,0.01412,150,0.0028,0.00535,150,"(128, 3, 2, 0.2, 0.01)",[42]
sasrec-128-2-4-0.3-0.01.yaml,128,2,4,0.3,0.01,42,0.00838,0.01516,132,0.00279,0.00541,132,"(128, 2, 4, 0.3, 0.01)",[42]
sasrec-256-3-8-0.2-0.01.yaml,256,3,8,0.2,0.01,42,0.00782,0.01442,111,0.00278,0.00571,111,"(256, 3, 8, 0.2, 0.01)",[42]
sasrec-256-3-8-0.1-0.005.yaml,256,3,8,0.1,0.005,42,0.00782,0.01501,53,0.00278,0.006,53,"(256, 3, 8, 0.1, 0.005)",[42]
sasrec-128-2-2-0.2-0.01.yaml,128,2,2,0.2,0.01,42,0.00865,0.01591,17,0.00277,0.00606,17,"(128, 2, 2, 0.2, 0.01)",[42]
sasrec-256-4-2-0.2-0.005.yaml,256,4,2,0.2,0.005,42,0.00702,0.01338,149,0.00276,0.00535,149,"(256, 4, 2, 0.2, 0.005)",[42]
sasrec-128-4-2-0.1-0.005.yaml,128,4,2,0.1,0.005,42,0.00826,0.01501,135,0.00275,0.00547,135,"(128, 4, 2, 0.1, 0.005)",[42]
sasrec-256-4-8-0.1-0.01.yaml,256,4,8,0.1,0.01,42,0.00522,0.01026,149,0.00275,0.00511,149,"(256, 4, 8, 0.1, 0.01)",[42]
sasrec-256-3-4-0.1-0.01.yaml,256,3,4,0.1,0.01,42,0.00791,0.01561,40,0.0027,0.00511,40,"(256, 3, 4, 0.1, 0.01)",[42]
sasrec-128-3-4-0.3-0.005.yaml,128,3,4,0.3,0.005,42,0.00752,0.01487,76,0.0027,0.00559,76,"(128, 3, 4, 0.3, 0.005)",[42]
sasrec-128-3-2-0.3-0.01.yaml,128,3,2,0.3,0.01,42,0.00908,0.01665,140,0.0027,0.00565,140,"(128, 3, 2, 0.3, 0.01)",[42]
sasrec-128-3-8-0.2-0.005.yaml,128,3,8,0.2,0.005,42,0.00726,0.01382,52,0.00269,0.00535,52,"(128, 3, 8, 0.2, 0.005)",[42]
sasrec-64-3-2-0.3-0.005.yaml,64,3,2,0.3,0.005,42,0.00684,0.01382,126,0.00268,0.00547,126,"(64, 3, 2, 0.3, 0.005)",[42]
sasrec-64-3-4-0.3-0.005.yaml,64,3,4,0.3,0.005,42,0.00738,0.01457,97,0.00268,0.00547,97,"(64, 3, 4, 0.3, 0.005)",[42]
sasrec-128-4-8-0.2-0.01.yaml,128,4,8,0.2,0.01,42,0.00547,0.0107,149,0.00268,0.00499,149,"(128, 4, 8, 0.2, 0.01)",[42]
sasrec-256-3-4-0.1-0.005.yaml,256,3,4,0.1,0.005,42,0.00803,0.0165,127,0.00266,0.00529,127,"(256, 3, 4, 0.1, 0.005)",[42]
sasrec-128-4-2-0.1-0.01.yaml,128,4,2,0.1,0.01,42,0.00594,0.01219,140,0.00266,0.00553,140,"(128, 4, 2, 0.1, 0.01)",[42]
sasrec-128-4-4-0.1-0.01.yaml,128,4,4,0.1,0.01,42,0.00656,0.01204,70,0.00264,0.00559,70,"(128, 4, 4, 0.1, 0.01)",[42]
sasrec-128-3-8-0.2-0.01.yaml,128,3,8,0.2,0.01,42,0.0073,0.01442,132,0.00264,0.00499,132,"(128, 3, 8, 0.2, 0.01)",[42]
sasrec-128-3-4-0.1-0.005.yaml,128,3,4,0.1,0.005,42,0.00706,0.01382,114,0.00264,0.00541,114,"(128, 3, 4, 0.1, 0.005)",[42]
sasrec-64-3-2-0.3-0.01.yaml,64,3,2,0.3,0.01,42,0.0079,0.01487,107,0.00263,0.00547,107,"(64, 3, 2, 0.3, 0.01)",[42]
sasrec-256-3-8-0.3-0.005.yaml,256,3,8,0.3,0.005,42,0.00706,0.01487,48,0.00263,0.00559,48,"(256, 3, 8, 0.3, 0.005)",[42]
sasrec-256-3-8-0.3-0.01.yaml,256,3,8,0.3,0.01,42,0.00778,0.01442,53,0.00259,0.00511,53,"(256, 3, 8, 0.3, 0.01)",[42]
sasrec-128-3-2-0.3-0.005.yaml,128,3,2,0.3,0.005,42,0.00748,0.01382,125,0.00259,0.00505,125,"(128, 3, 2, 0.3, 0.005)",[42]
sasrec-64-3-4-0.2-0.005.yaml,64,3,4,0.2,0.005,42,0.00847,0.01591,26,0.00258,0.00547,26,"(64, 3, 4, 0.2, 0.005)",[42]
sasrec-128-3-4-0.3-0.01.yaml,128,3,4,0.3,0.01,42,0.00805,0.01546,133,0.00258,0.00541,133,"(128, 3, 4, 0.3, 0.01)",[42]
sasrec-64-4-8-0.3-0.01.yaml,64,4,8,0.3,0.01,42,0.00485,0.00937,150,0.00257,0.00517,150,"(64, 4, 8, 0.3, 0.01)",[42]
sasrec-64-3-4-0.3-0.01.yaml,64,3,4,0.3,0.01,42,0.00624,0.01278,88,0.00255,0.00505,88,"(64, 3, 4, 0.3, 0.01)",[42]
sasrec-128-2-8-0.2-0.01.yaml,128,2,8,0.2,0.01,42,0.00852,0.01665,54,0.00255,0.00565,54,"(128, 2, 8, 0.2, 0.01)",[42]
sasrec-64-3-8-0.2-0.01.yaml,64,3,8,0.2,0.01,42,0.00563,0.01041,48,0.00249,0.00493,48,"(64, 3, 8, 0.2, 0.01)",[42]
sasrec-256-4-8-0.3-0.005.yaml,256,4,8,0.3,0.005,42,0.00548,0.00981,6,0.00248,0.00487,6,"(256, 4, 8, 0.3, 0.005)",[42]
sasrec-64-4-4-0.1-0.01.yaml,64,4,4,0.1,0.01,42,0.00487,0.00951,137,0.00247,0.00481,137,"(64, 4, 4, 0.1, 0.01)",[42]
sasrec-128-3-8-0.3-0.005.yaml,128,3,8,0.3,0.005,42,0.00725,0.01412,104,0.00247,0.00523,104,"(128, 3, 8, 0.3, 0.005)",[42]
sasrec-64-4-4-0.3-0.01.yaml,64,4,4,0.3,0.01,42,0.00407,0.00832,11,0.00246,0.00446,11,"(64, 4, 4, 0.3, 0.01)",[42]
sasrec-64-4-2-0.3-0.01.yaml,64,4,2,0.3,0.01,42,0.00413,0.00862,109,0.00244,0.00422,109,"(64, 4, 2, 0.3, 0.01)",[42]
sasrec-64-4-2-0.2-0.005.yaml,64,4,2,0.2,0.005,42,0.00411,0.00847,11,0.00242,0.00422,11,"(64, 4, 2, 0.2, 0.005)",[42]
sasrec-256-3-4-0.3-0.01.yaml,256,3,4,0.3,0.01,42,0.00718,0.01308,90,0.00242,0.00505,90,"(256, 3, 4, 0.3, 0.01)",[42]
sasrec-256-4-8-0.1-0.005.yaml,256,4,8,0.1,0.005,42,0.00559,0.01085,31,0.00241,0.0044,31,"(256, 4, 8, 0.1, 0.005)",[42]
sasrec-128-3-8-0.3-0.01.yaml,128,3,8,0.3,0.01,42,0.00632,0.01278,59,0.00239,0.00476,59,"(128, 3, 8, 0.3, 0.01)",[42]
sasrec-64-2-8-0.1-0.01.yaml,64,2,8,0.1,0.01,42,0.0092,0.01754,149,0.00239,0.00523,149,"(64, 2, 8, 0.1, 0.01)",[42]
sasrec-256-3-8-0.1-0.01.yaml,256,3,8,0.1,0.01,42,0.00774,0.01427,73,0.00239,0.00517,73,"(256, 3, 8, 0.1, 0.01)",[42]
sasrec-128-4-2-0.2-0.005.yaml,128,4,2,0.2,0.005,42,0.00785,0.01397,104,0.00239,0.00541,104,"(128, 4, 2, 0.2, 0.005)",[42]
sasrec-128-4-8-0.1-0.005.yaml,128,4,8,0.1,0.005,42,0.00415,0.00877,35,0.00238,0.00446,35,"(128, 4, 8, 0.1, 0.005)",[42]
sasrec-128-3-8-0.1-0.01.yaml,128,3,8,0.1,0.01,42,0.00719,0.01368,119,0.00237,0.00493,119,"(128, 3, 8, 0.1, 0.01)",[42]
sasrec-64-4-4-0.2-0.01.yaml,64,4,4,0.2,0.01,42,0.00403,0.00862,59,0.00237,0.00434,59,"(64, 4, 4, 0.2, 0.01)",[42]
sasrec-64-4-8-0.1-0.01.yaml,64,4,8,0.1,0.01,42,0.00504,0.00951,131,0.00236,0.00493,131,"(64, 4, 8, 0.1, 0.01)",[42]
sasrec-256-2-4-0.3-0.01.yaml,256,2,4,0.3,0.01,42,0.00844,0.01576,30,0.00232,0.00499,30,"(256, 2, 4, 0.3, 0.01)",[42]
sasrec-256-4-8-0.2-0.01.yaml,256,4,8,0.2,0.01,42,0.00411,0.00907,97,0.00229,0.00434,97,"(256, 4, 8, 0.2, 0.01)",[42]
sasrec-64-3-8-0.3-0.01.yaml,64,3,8,0.3,0.01,42,0.00523,0.00996,27,0.00227,0.0047,27,"(64, 3, 8, 0.3, 0.01)",[42]
sasrec-128-4-4-0.1-0.005.yaml,128,4,4,0.1,0.005,42,0.00468,0.0107,141,0.00226,0.0041,141,"(128, 4, 4, 0.1, 0.005)",[42]
sasrec-64-4-2-0.3-0.005.yaml,64,4,2,0.3,0.005,42,0.0041,0.00847,117,0.00223,0.00422,117,"(64, 4, 2, 0.3, 0.005)",[42]
sasrec-64-4-4-0.3-0.005.yaml,64,4,4,0.3,0.005,42,0.00433,0.00847,150,0.00222,0.00428,150,"(64, 4, 4, 0.3, 0.005)",[42]
sasrec-256-4-4-0.1-0.005.yaml,256,4,4,0.1,0.005,42,0.00433,0.00847,59,0.00222,0.00386,59,"(256, 4, 4, 0.1, 0.005)",[42]
sasrec-128-4-8-0.1-0.01.yaml,128,4,8,0.1,0.01,42,0.00518,0.00981,35,0.0022,0.00434,35,"(128, 4, 8, 0.1, 0.01)",[42]
sasrec-256-4-2-0.1-0.01.yaml,256,4,2,0.1,0.01,42,0.00649,0.01264,147,0.00217,0.00452,147,"(256, 4, 2, 0.1, 0.01)",[42]
sasrec-64-3-8-0.1-0.01.yaml,64,3,8,0.1,0.01,42,0.00815,0.01427,149,0.00214,0.00493,149,"(64, 3, 8, 0.1, 0.01)",[42]
sasrec-128-4-8-0.2-0.005.yaml,128,4,8,0.2,0.005,42,0.00408,0.00788,135,0.00214,0.00404,135,"(128, 4, 8, 0.2, 0.005)",[42]
sasrec-64-4-8-0.3-0.005.yaml,64,4,8,0.3,0.005,42,0.00417,0.00862,148,0.00214,0.00446,148,"(64, 4, 8, 0.3, 0.005)",[42]
sasrec-256-3-2-0.2-0.005.yaml,256,3,2,0.2,0.005,42,0.00751,0.01412,53,0.00213,0.00452,53,"(256, 3, 2, 0.2, 0.005)",[42]
sasrec-256-4-8-0.2-0.005.yaml,256,4,8,0.2,0.005,42,0.00623,0.01293,61,0.00213,0.00493,61,"(256, 4, 8, 0.2, 0.005)",[42]
sasrec-128-4-2-0.3-0.01.yaml,128,4,2,0.3,0.01,42,0.00417,0.00877,17,0.00212,0.00345,17,"(128, 4, 2, 0.3, 0.01)",[42]
sasrec-128-4-4-0.2-0.01.yaml,128,4,4,0.2,0.01,42,0.00472,0.00892,149,0.00211,0.00422,149,"(128, 4, 4, 0.2, 0.01)",[42]
sasrec-256-4-2-0.3-0.01.yaml,256,4,2,0.3,0.01,42,0.00429,0.00907,36,0.00204,0.00345,36,"(256, 4, 2, 0.3, 0.01)",[42]
sasrec-64-4-8-0.2-0.01.yaml,64,4,8,0.2,0.01,42,0.00449,0.00892,20,0.00204,0.00386,20,"(64, 4, 8, 0.2, 0.01)",[42]
sasrec-128-4-4-0.2-0.005.yaml,128,4,4,0.2,0.005,42,0.00434,0.00966,53,0.00204,0.00386,53,"(128, 4, 4, 0.2, 0.005)",[42]
sasrec-64-4-2-0.1-0.01.yaml,64,4,2,0.1,0.01,42,0.00412,0.00877,114,0.00202,0.00416,114,"(64, 4, 2, 0.1, 0.01)",[42]
sasrec-256-4-2-0.2-0.01.yaml,256,4,2,0.2,0.01,42,0.0058,0.0116,101,0.00201,0.00392,101,"(256, 4, 2, 0.2, 0.01)",[42]
sasrec-64-4-2-0.1-0.005.yaml,64,4,2,0.1,0.005,42,0.00424,0.00832,31,0.00199,0.00386,31,"(64, 4, 2, 0.1, 0.005)",[42]
sasrec-128-4-4-0.3-0.005.yaml,128,4,4,0.3,0.005,42,0.00513,0.01026,81,0.00199,0.00386,81,"(128, 4, 4, 0.3, 0.005)",[42]
sasrec-256-4-4-0.1-0.01.yaml,256,4,4,0.1,0.01,42,0.00617,0.01204,124,0.00196,0.0041,124,"(256, 4, 4, 0.1, 0.01)",[42]
sasrec-256-3-2-0.3-0.005.yaml,256,3,2,0.3,0.005,42,0.00783,0.01546,117,0.00194,0.00422,117,"(256, 3, 2, 0.3, 0.005)",[42]
sasrec-128-4-2-0.3-0.005.yaml,128,4,2,0.3,0.005,42,0.00421,0.00877,38,0.00185,0.00416,38,"(128, 4, 2, 0.3, 0.005)",[42]
sasrec-128-4-2-0.2-0.01.yaml,128,4,2,0.2,0.01,42,0.00468,0.01011,123,0.00178,0.0041,123,"(128, 4, 2, 0.2, 0.01)",[42]
sasrec-128-4-8-0.3-0.005.yaml,128,4,8,0.3,0.005,42,0.00447,0.00907,5,0.00176,0.00357,5,"(128, 4, 8, 0.3, 0.005)",[42]
sasrec-64-4-4-0.2-0.005.yaml,64,4,4,0.2,0.005,42,0.00426,0.00907,46,0.00164,0.00315,46,"(64, 4, 4, 0.2, 0.005)",[42]
sasrec-64-4-4-0.1-0.005.yaml,64,4,4,0.1,0.005,42,0.00453,0.00996,107,0.0016,0.00374,107,"(64, 4, 4, 0.1, 0.005)",[42]
sasrec-128-4-4-0.3-0.01.yaml,128,4,4,0.3,0.01,42,0.00431,0.00922,5,0.00146,0.00327,5,"(128, 4, 4, 0.3, 0.01)",[42]
